Precursor Mass,Retention Time,Dataset,Source,Peak Name,HMDB Compounds,HMDB Fits,Metlin Compounds,Metlin Scores,MetFrag Compounds,MetFrag Scores
continuous,continuous,string,string,continuous,string,string,string,string,string,string
,,meta,meta,meta,meta,meta,meta,meta,meta,meta
219.0788,27.05,SynNeg 03/24,,,,,,,"C00643, C01017, C19716, C09985","0.928182368367965, 0.896182166633044, 0.825766671135486, 0.723550565604369"
238.8908,12.6,SynNeg 03/24,,,,,,,C02466,0.75
222.0784,45.6,SynNeg 03/24,,,,,,,"C18953, C14433","0.760045973097225, 0.659673566906098"
390.1388,12.89,SynNeg 03/24,,,,,,,C08337,0.75
103.0404,38.84,SynNeg 03/24,,,"C05984, C01089, C06001, C01089","0.39, 0.41, 0.36, 0.41",,,"C14601, C06001, C05984, C03197, C01991, C01188, C01089, C00989","0.0, 0.0, 0.0, 0.0, 0.0, 0.0, 0.0, 0.0"
299.0634,50.71,SynNeg 03/24,,,,,,,"C07125, C11566","0.756497725795971, 0.727493985522714"
301.0205,12.33,SynNeg 03/24,,,,,,,C17722,0.75
297.0623,49.56,SynNeg 03/24,,,,,,,"C00994, C19787","0.760984336624359, 0.75"
311.092,52.6,SynNeg 03/24,,,,,,,"C07582, C18841, C10045, C10024, C17472","0.835148844170963, 0.548988254446744, 0.516117458503064, 0.47994105731432, 0.430837207965223"
144.0453,3.06,SynNeg 03/24,,,,,,,"C06338, C06343, C19434, C08493, C06415, C06324, C02796","0.8211975635178, 0.805665971588688, 0.75, 0.59094186527504, 0.562465389320394, 0.561960371726232, 0.551257256908039"
177.0413,49.57,SynNeg 03/24,,,,,,,"C05394, C03269, C02779, C20903, C20680, C20251, C19679, C17577, C16737, C06892, C05410, C03926, C03383, C03107, C02692, C02669, C01216, C01115, C01040, C00691, C00273, C00204, C00198","0.75, 0.75, 0.75, 0.0, 0.0, 0.0, 0.0, 0.0, 0.0, 0.0, 0.0, 0.0, 0.0, 0.0, 0.0, 0.0, 0.0, 0.0, 0.0, 0.0, 0.0, 0.0, 0.0"
281.0744,12.9,SynNeg 03/24,,,,,,,C19119,0.75
137.0248,53.6,SynNeg 03/24,,,"C00156, C00805","0.3, 0.57","C00156, C00805, C05585, C16700","51.0, 22.0, 21.0, 13.0","C18316, C10832, C05585, C00805, C00587, C00156, C16700","0.820426229508197, 0.782554016564499, 0.755996639515319, 0.755996639515319, 0.755996639515319, 0.755996639515319, 0.75"
146.0458,18.64,SynNeg 03/24,,,,,C12269,9.0,"C00979, C03790, C00302, C00217, C00025, C05938, C03618, C12269, C05941, C05574","0.823518164435946, 0.762332695984704, 0.75, 0.75, 0.75, 0.709763636926359, 0.585474678600157, 0.47306183975964, 0.355541424708983, 0.174085550845349"
146.0455,14.24,SynNeg 03/24,,,,,C12269,29.0,"C05574, C05938, C03618, C00979","0.767369664365688, 0.75, 0.0207206847102872, 0.000702212124172458"
388.9421,11.44,SynNeg 03/24,,,,,,,"C02884, C00119","0.0, 0.0"
315.0552,54.97,SynNeg 03/24,,,,,C10084,5.0,"C10185, C08999, C10119, C10188, C10084, C10176, C10120, C10022, C04443, C19739","0.770435684647303, 0.763615145228216, 0.4862510359393, 0.480934645897806, 0.480934645897806, 0.466619293200711, 0.464337135524362, 0.397679637484857, 0.386891255742118, 0.208754311821854"
613.1859,16.54,SynNeg 03/24,,,,,,,C10805,0.75
713.4876,2.5,SynNeg 03/24,,,,,,,C15940,0.0
209.1178,5.04,SynNeg 03/24,,,,,,,"C16317, C08491","0.75, 0.75"
301.0847,53.24,SynNeg 03/24,,,,,,,C14853,0.75
462.1196,47.7,SynNeg 03/24,,,,,,,C12141,0.75
264.1249,5.37,SynNeg 03/24,,,,,,,"C04335, C11281","0.819245594713656, 0.75"
505.1356,42.57,SynNeg 03/24,,,,,,,C02081,0.75
241.0738,4.58,SynNeg 03/24,,,,,,,C01727,0.75
442.9815,16.35,SynNeg 03/24,,,,,,,C16616,0.75
203.0832,49.39,SynNeg 03/24,,,,,"C00525, C00078","100.0, 75.0","C00806, C00525, C00078, C07839, C14916, C10743","0.840712345818717, 0.840712345818717, 0.837784315944325, 0.7846089797556, 0.756358467819232, 0.49769076022709"
384.9748,36.6,SynNeg 03/24,,,,,,,"C11125, C08082","0.75, 0.457281905506488"
239.0162,13.42,SynNeg 03/24,,,,,,,"C01420, C00491, C18745","0.75, 0.75, 0.0302955141621777"
468.0647,16.41,SynNeg 03/24,,,,,,,C05125,0.75
114.0557,14.56,SynNeg 03/24,,,,,,,"C18170, C16435, C00763, C00148","0.0, 0.0, 0.0, 0.0"
403.1218,12.35,SynNeg 03/24,,,,,,,"C09798, C09779","0.75, 0.75"
201.0383,20.48,SynNeg 03/24,,,,,,,C20581,0.75
165.0554,1.29,SynNeg 03/24,,,,,C05607,100.0,"C01456, C11457, C01744, C01198, C05581, C10712, C11380, C12206, C05607, C02201, C03080, C02363","0.799521757473798, 0.75, 0.75, 0.75, 0.611905337802098, 0.601560054372809, 0.597071895131349, 0.587603554487509, 0.569490027422564, 0.55880148003624, 0.409777389524136, 0.269852755792126"
233.0431,1.31,SynNeg 03/24,,,,,,,"C07731, C21001, C20124","0.788262411347518, 0.408114461201676, 0.0340376414234493"
385.0924,50.08,SynNeg 03/24,,,,,,,"C09924, C09922, C17958, C10446, C20504, C20502, C03503","0.804580143381232, 0.790818343546155, 0.77822574515642, 0.768172256447055, 0.756760469573107, 0.736462485781844, 0.730061780357746"
429.1592,49.47,SynNeg 03/24,,,,,,,C10884,0.75
275.09,16.56,SynNeg 03/24,,,,,,,"C05282, C20912, C01425, C09926, C09584, C09582, C20407, C09489, C17483, C17838, C19251, C19327, C14318","0.883390451429922, 0.875320169261491, 0.86938666981801, 0.340509432385998, 0.328558457293524, 0.317922673790806, 0.301335727624637, 0.160059574346258, 0.10318103791117, 0.102649248736035, 0.069274566224804, 0.0373672157166499, 0.0373672157166499"
543.23,13.01,SynNeg 03/24,,,,,,,C11700,0.75
293.0555,41.29,SynNeg 03/24,,,,,,,"C17136, C17133, C17132","0.0, 0.0, 0.0"
433.1016,13.21,SynNeg 03/24,,,,,,,C11601,0.75
381.1531,2.13,SynNeg 03/24,,,,,,,C18650,0.75
317.1517,4.69,SynNeg 03/24,,,,,,,C07571,0.75
491.2735,16.77,SynNeg 03/24,,,,,,,C10010,0.75
417.1555,44.79,SynNeg 03/24,,,,,,,"C09435, C09493, C10889","0.798074063057704, 0.75, 0.724236154180323"
317.0802,19.13,SynNeg 03/24,,,,,,,"C20073, C12398, C14286","0.804891015417331, 0.75, 0.585901804028278"
243.0625,16.7,SynNeg 03/24,,,,,,,"C16745, C00299, C02067","0.785331316231943, 0.785331316231943, 0.75"
248.0026,4.2,SynNeg 03/24,,,,,,,C18508,0.75
216.9819,45.72,SynNeg 03/24,,,,,,,C16199,0.75
232.0594,43.76,SynNeg 03/24,,,,,,,C10654,0.75
245.1154,48.94,SynNeg 03/24,,,,,,,"C20424, C19972, C17912, C09606, C09601, C09476, C17085, C09605, C09300, C17490, C09545, C09394, C09287, C02206, C09292","0.80266604303087, 0.80266604303087, 0.661652672700808, 0.661652672700808, 0.651446698343509, 0.631998790567974, 0.627321522092763, 0.611993938755109, 0.605375603862686, 0.595048369613811, 0.589940617894491, 0.589940617894491, 0.589940617894491, 0.589940617894491, 0.589014693280789"
472.1645,46.02,SynNeg 03/24,,,,,,,"C03479, C00234, C07228","0.771928696919056, 0.75, 0.59329196174414"
117.0343,1.36,SynNeg 03/24,,,,,,,C14512,0.0
337.0511,43.03,SynNeg 03/24,,,,,,,"C04677, C18837","0.849788532205505, 0.673773626343178"
285.0825,13.87,SynNeg 03/24,,,,,,,"C03003, C18829","0.75, 0.355974105692244"
451.1326,44.32,SynNeg 03/24,,,,,,,C19432,0.75
436.1449,44.61,SynNeg 03/24,,,,,,,C08054,0.75
413.1076,43.93,SynNeg 03/24,,,,,,,"C09769, C16999","0.75, 0.401725371063998"
492.1315,11.06,SynNeg 03/24,,,,,,,C07022,0.848383913150753
488.2017,11.16,SynNeg 03/24,,,,,,,C17376,0.0
295.0952,43.33,SynNeg 03/24,,,,,,,"C03995, C19068, C10035, C14720, C10054","0.75, 0.424363296176359, 0.414528585266736, 0.40376610967569, 0.0863203172692343"
515.1502,13.84,SynNeg 03/24,,,,,,,C18235,0.75
105.0191,15.73,SynNeg 03/24,,,C00258,0.52,,,C00258,0.0
254.0147,51.73,SynNeg 03/24,,,,,,,C14333,0.75
403.146,16.77,SynNeg 03/24,,,,,,,C12220,0.75
476.1517,28.66,SynNeg 03/24,,,,,,,C11737,0.75
283.07,38.83,SynNeg 03/24,,,,,,,C01762,0.75
562.2118,43.07,SynNeg 03/24,,,,,,,C14125,0.75
249.0384,50.16,SynNeg 03/24,,,,,,,"C07734, C01691","0.782948603675583, 0.75"
166.0503,16.59,SynNeg 03/24,,,,,"C12323, C03493, C00250, C05831","40.0, 39.0, 37.0, 25.0","C06051, C14171, C14170, C00250, C20821, C05831, C03986, C12323, C03493","0.862218324829932, 0.854166666666667, 0.854166666666667, 0.85297087585034, 0.83750531462585, 0.812074829931973, 0.79594494047619, 0.75531462585034, 0.75"
417.0507,13.0,SynNeg 03/24,,,,,,,C10992,0.75
244.0606,45.56,SynNeg 03/24,,,,,,,"C19105, C10694","0.75, 0.75"
131.0719,54.51,SynNeg 03/24,,,,,,,"C06103, C03499, C07834, C03264, C13773","0.792397660818713, 0.75, 0.666848935786516, 0.477732265128321, 0.0316308912203472"
267.0973,42.49,SynNeg 03/24,,,,,,,"C11571, C19461","0.845359446331355, 0.75"
158.0821,54.7,SynNeg 03/24,,,,,,,"C10850, C10151, C08269, C03087","0.0, 0.0, 0.0, 0.0"
471.1683,16.73,SynNeg 03/24,,,,,,,"C18681, C00664","0.75, 0.0"
421.1876,50.94,SynNeg 03/24,,,,,,,"C17053, C16809, C09801","0.756506090808416, 0.75124584717608, 0.75"
394.9782,3.41,SynNeg 03/24,,,,,,,"C18552, C17116","0.0, 0.0"
213.0155,4.94,SynNeg 03/24,,,,,,,"C17101, C16637, C11437, C00673, C00672","0.75, 0.57781137580457, 0.57781137580457, 0.545205844509082, 0.545205844509082"
399.1772,46.89,SynNeg 03/24,,,,,,,"C10621, C10555, C14668","0.818827744315372, 0.818827744315372, 0.75"
390.1574,1.21,SynNeg 03/24,,,,,,,C13780,0.75
265.0508,16.75,SynNeg 03/24,,,,,,,"C08506, C18252","0.885788581779933, 0.573769007268639"
416.0567,16.55,SynNeg 03/24,,,,,,,C20799,0.75
475.2599,12.29,SynNeg 03/24,,,,,,,C09420,0.75
322.0697,14.09,SynNeg 03/24,,,,,,,C10959,0.75
111.0199,19.11,SynNeg 03/24,,,,,,,"C18474, C00106","0.781529084578051, 0.75"
346.0746,24.93,SynNeg 03/24,,,,,,,C12222,0.75
159.0932,49.51,SynNeg 03/24,,,,,,,"C16906, C10126, C07147, C02548, C00398","0.0, 0.0, 0.0, 0.0, 0.0"
217.0308,14.11,SynNeg 03/24,,,,,,,C06721,0.75
618.0569,14.25,SynNeg 03/24,,,,,,,C00976,0.75
520.0747,16.5,SynNeg 03/24,,,,,,,C11435,0.75
427.1383,37.6,SynNeg 03/24,,,,,C15181,10.0,"C11743, C10730, C15181","0.75, 0.734836780790429, 0.721058399217142"
342.0864,16.15,SynNeg 03/24,,,,,,,C15772,0.75
470.1445,46.51,SynNeg 03/24,,,,,,,C03204,0.75
227.1043,48.9,SynNeg 03/24,,,,,,,C13733,0.75
116.0508,49.47,SynNeg 03/24,,,,,,,"C16074, C00463","0.0, 0.0"
159.0662,53.72,SynNeg 03/24,,,C02656,0.52,C02656,43.0,"C16657, C04687, C02656, C07040","0.840118646589964, 0.804780876494024, 0.75, 0.173960126241523"
183.0555,50.18,SynNeg 03/24,,,,,,,C18737,0.75
381.1325,45.76,SynNeg 03/24,,,,,,,"C17765, C08359","0.75, 0.463995943735861"
394.1272,41.18,SynNeg 03/24,,,,,,,C12474,0.75
191.019,52.44,SynNeg 03/24,,,"C00158, C00451","0.6, 0.49","C00311, C00158","61.0, 53.0","C21091, C03921, C02780, C00679, C04575, C00158, C21095, C20896, C20890, C20889, C03600, C04617, C00451, C00311","0.85929648241206, 0.85929648241206, 0.85929648241206, 0.85929648241206, 0.781407035175879, 0.781407035175879, 0.777638190954774, 0.777638190954774, 0.777638190954774, 0.777638190954774, 0.777638190954774, 0.75, 0.75, 0.75"
148.0435,19.19,SynNeg 03/24,,,,,C00073,65.0,"C01733, C00855, C00073, C07418","0.75, 0.75, 0.75, 0.0"
368.1752,1.2,SynNeg 03/24,,,,,,,C11154,0.75
390.1481,3.99,SynNeg 03/24,,,,,,,C11622,0.75
272.0904,16.45,SynNeg 03/24,,,,,,,C15089,0.75
104.0353,14.0,SynNeg 03/24,,,,,,,"C00740, C00716, C00065","0.0, 0.0, 0.0"
433.1542,14.16,SynNeg 03/24,,,,,,,"C11191, C09401","0.75, 0.00921317404146944"
455.1313,48.48,SynNeg 03/24,,,,,,,C10886,0.75
147.0662,39.92,SynNeg 03/24,,,,,,,"C21062, C21055, C21054, C21045, C06471, C06007, C04104, C03348, C02104, C00522, C00418","0.0, 0.0, 0.0, 0.0, 0.0, 0.0, 0.0, 0.0, 0.0, 0.0, 0.0"
444.1236,18.24,SynNeg 03/24,,,,,,,C13825,0.75
451.1007,53.34,SynNeg 03/24,,,,,,,C10217,0.75
292.1036,18.31,SynNeg 03/24,,,,,,,C02713,0.75
151.0402,50.38,SynNeg 03/24,,,"C00642, C05593, C05852, C01984","0.4, 0.44, 0.19, 0.55",C14088,10.0,C17900,0.75
437.1469,16.59,SynNeg 03/24,,,,,,,"C09465, C17484","0.892326732673267, 0.75"
277.0956,52.58,SynNeg 03/24,,,,,,,"C08561, C20577","0.75, 0.721606654519968"
133.0144,17.71,SynNeg 03/24,,,C00711,0.53,C00497,100.0,"C00497, C00149, C03064, C00711","0.77759250039479, 0.77759250039479, 0.77326750811799, 0.75"
287.0889,42.53,SynNeg 03/24,,,,,,,"C12435, C15230, C17412, C10292, C09471, C16187, C07558","0.75, 0.515522681801343, 0.512736330635363, 0.512736330635363, 0.406153351067715, 0.374260346952489, 0.241064011330463"
257.0574,54.57,SynNeg 03/24,,,,,,,"C17369, C07910, C03433, C03177","0.75, 0.647384912913461, 0.629000753893354, 0.532242495370277"
630.2417,52.64,SynNeg 03/24,,,,,,,C18070,0.75
327.0978,40.99,SynNeg 03/24,,,,,,,C05995,0.75
348.1243,13.99,SynNeg 03/24,,,,,,,C12019,0.75
531.0834,12.34,SynNeg 03/24,,,,,,,"C18636, C12446, C11923, C11920","0.75, 0.75, 0.75, 0.75"
241.1198,50.97,SynNeg 03/24,,,,,,,"C15278, C15069, C14898, C14225","0.0, 0.0, 0.0, 0.0"
347.0778,14.43,SynNeg 03/24,,,,,,,"C19592, C19591","0.0, 0.0"
394.1968,16.8,SynNeg 03/24,,,,,,,C03256,0.75
313.0572,46.41,SynNeg 03/24,,,,,,,"C06939, C07590, C18052, C18051, C05308, C02569, C00341","0.75, 0.0617483714274284, 0.0, 0.0, 0.0, 0.0, 0.0"
308.1011,14.26,SynNeg 03/24,,,,,"C19910, C00270, C19909","1.0, 1.0, 1.0","C21053, C03525, C19910, C19909, C00270","0.794456066091713, 0.785787205271914, 0.75, 0.75, 0.75"
449.1651,12.88,SynNeg 03/24,,,,,,,C15080,0.75
512.2268,26.01,SynNeg 03/24,,,,,,,C07032,0.75
371.1467,13.02,SynNeg 03/24,,,,,,,"C10545, C10640, C10563","0.846885813148789, 0.75, 0.75"
273.0919,52.94,SynNeg 03/24,,,,,,,C20820,0.75
329.1358,13.0,SynNeg 03/24,,,,,,,"C15073, C18422, C11854, C11867, C18037, C09173, C11871","0.75, 0.507027539779589, 0.160626843991486, 0.128139913446303, 0.100431820927058, 0.0945327439168031, 0.0538307274866313"
131.035,49.31,SynNeg 03/24,,,,,,,"C00900, C02674, C04106, C06010, C04181, C03589, C00489","0.808298081825008, 0.768407803650094, 0.75, 0.719691169572123, 0.719691169572123, 0.719691169572123, 0.706311275286448"
245.1155,47.61,SynNeg 03/24,,,,,,,"C20424, C19972, C17912, C09606, C09601, C17085, C09545, C09394, C09287, C02206, C09605, C09300, C09292, C17490, C09476","0.75, 0.75, 0.71335088417188, 0.71335088417188, 0.708952573123323, 0.697516964397074, 0.696505352855906, 0.696505352855906, 0.696505352855906, 0.696505352855906, 0.685597541455484, 0.685597541455484, 0.676273122032542, 0.67570134159623, 0.631449761174324"
433.1491,53.17,SynNeg 03/24,,,,,,,"C09401, C09469","0.75, 0.615001470097594"
206.0284,54.65,SynNeg 03/24,,,,,,,C11628,0.0
203.0566,13.12,SynNeg 03/24,,,,,,,C18342,0.0
214.1455,5.09,SynNeg 03/24,,,,,,,C18830,0.75
275.0775,49.5,SynNeg 03/24,,,,,,,C08512,0.75
405.1682,44.8,SynNeg 03/24,,,,,,,C09275,0.75
385.1979,12.39,SynNeg 03/24,,,,,,,"C15185, C14651, C09966, C09927, C08022","0.0, 0.0, 0.0, 0.0, 0.0"
316.9505,13.09,SynNeg 03/24,,,,,,,"C14714, C06636","0.75, 0.75"
576.0751,54.14,SynNeg 03/24,,,,,,,"C04916, C04896","0.778380914408457, 0.75"
259.0791,12.34,SynNeg 03/24,,,,,,,C20386,0.75
226.084,16.45,SynNeg 03/24,,,,,C00881,56.0,"C00881, C03621, C10679, C04081","0.75, 0.216422485425311, 0.0, 0.0"
275.0231,17.61,SynNeg 03/24,,,,,,,"C04485, C15627","0.860229961549837, 0.266993367943091"
291.0449,54.54,SynNeg 03/24,,,,,,,"C19070, C19235, C14423, C19408, C19234, C14424","0.846988949636288, 0.730587701786356, 0.694843497434191, 0.685143097519447, 0.681396754667919, 0.659724605291095"
366.0813,40.31,SynNeg 03/24,,,,,,,C08109,0.75
326.1104,14.18,SynNeg 03/24,,,,,,,C07104,0.75
193.0659,13.34,SynNeg 03/24,,,,,,,"C11431, C11432, C11429, C11430","0.842298119469027, 0.821971792035398, 0.813882743362832, 0.75"
446.0826,43.11,SynNeg 03/24,,,,,,,C05691,0.75
443.1493,50.37,SynNeg 03/24,,,,,,,"C06973, C06570, C07815","0.788769606051549, 0.768576594708703, 0.75"
455.2401,10.91,SynNeg 03/24,,,,,,,"C11717, C05427","0.776724137931034, 0.0725630384065798"
145.0977,12.74,SynNeg 03/24,,,,,,,"C20277, C16440, C05161, C01186, C01142, C00739, C00047","0.75, 0.75, 0.75, 0.75, 0.75, 0.75, 0.75"
115.0031,17.72,SynNeg 03/24,,,"C00122, C01384","0.4, 0.4",,,"C02150, C01384, C00122","0.0, 0.0, 0.0"
191.0196,12.52,SynNeg 03/24,,,"C00158, C00451","0.6, 0.49","C00158, C00311","68.0, 21.0","C21091, C03921, C00679, C04575, C02780, C00158, C04617, C00451, C03600, C00311, C21095, C20896, C20890, C20889","0.817754424778761, 0.817754424778761, 0.817754424778761, 0.809181415929204, 0.799847898230089, 0.789615597345133, 0.782701880530973, 0.782701880530973, 0.781872234513274, 0.775788163716814, 0.75, 0.75, 0.75, 0.75"
249.0556,15.07,SynNeg 03/24,,,,,,,C00669,0.75
193.0354,52.43,SynNeg 03/24,,,C00191,0.29,C00191,33.0,"C01062, C16245, C15673, C06473, C03342, C00618, C21059, C21047, C21037, C21034, C08350, C08348, C06477, C06472, C02024, C00905, C00558, C00333, C00191, C20248, C19137","0.836991869918699, 0.826829268292683, 0.826829268292683, 0.826829268292683, 0.826829268292683, 0.826829268292683, 0.75, 0.75, 0.75, 0.75, 0.75, 0.75, 0.75, 0.75, 0.75, 0.75, 0.75, 0.75, 0.75, 0.374163917986422, 0.235993414076638"
130.0872,25.79,SynNeg 03/24,,,,,,,"C21096, C21092, C16647, C16439, C16434, C08263, C06418, C02486, C02378, C01933, C01570, C00407, C00123","0.0, 0.0, 0.0, 0.0, 0.0, 0.0, 0.0, 0.0, 0.0, 0.0, 0.0, 0.0, 0.0"
433.1484,54.32,SynNeg 03/24,,,,,,,"C09401, C09469","0.75, 0.614198900858844"
395.2545,12.39,SynNeg 03/24,,,,,,,C14640,0.75
491.2686,11.27,SynNeg 03/24,,,,,,,C10010,0.75
299.0696,42.77,SynNeg 03/24,,,,,,,C13414,0.75
285.059,49.23,SynNeg 03/24,,,,,,,C13546,0.75
250.1088,54.05,SynNeg 03/24,,,,,C01657,4.0,C01657,0.75
347.1057,54.63,SynNeg 03/24,,,,,,,C01897,0.75
409.014,43.49,SynNeg 03/24,,,,,,,"C08065, C18014, C18013","0.75, 0.0, 0.0"
145.0614,14.03,SynNeg 03/24,,,,,C00819,3.0,"C21029, C05100, C16673, C00819, C00303, C00064","0.773995535714286, 0.773995535714286, 0.75, 0.75, 0.75, 0.75"
572.227,51.6,SynNeg 03/24,,,,,,,C11684,0.75
241.0831,42.46,SynNeg 03/24,,,,,,,"C19431, C00214","0.75, 0.0"
421.2299,11.53,SynNeg 03/24,,,,,,,C07874,0.75
564.1569,10.94,SynNeg 03/24,,,,,,,"C07029, C20489","0.75, 0.0"
230.1395,5.12,SynNeg 03/24,,,,,,,"C04301, C02862","0.817056694146135, 0.75"
119.0498,1.28,SynNeg 03/24,,,,,,,"C05627, C20782, C07113, C02083, C00601","0.75, 0.0303447659577153, 0.0303447659577153, 0.0303447659577153, 0.0303447659577153"
171.04,16.53,SynNeg 03/24,,,,,,,"C05565, C13739, C20892, C20893","0.830374950139609, 0.756880733944954, 0.75, 0.724260837933673"
162.9128,10.98,SynNeg 03/24,,,,,,,C06899,0.0
262.0612,16.44,SynNeg 03/24,,,,,,,C07650,0.0
312.0424,53.59,SynNeg 03/24,,,,,,,C14580,0.75
132.0297,13.59,SynNeg 03/24,,,,,"C00049, C19911","100.0, 52.0","C16433, C00049","0.75, 0.75"
349.0618,13.01,SynNeg 03/24,,,,,,,C18628,0.838217703349282
349.1164,43.54,SynNeg 03/24,,,,,,,"C02538, C18884","0.75, 0.54379453950964"
135.0293,14.22,SynNeg 03/24,,,,,C00262,0.0,"C01620, C00262","0.75, 0.0330841658052193"
425.1582,43.92,SynNeg 03/24,,,,,,,"C09261, C09116","0.765011223344557, 0.75"
378.133,14.05,SynNeg 03/24,,,,,,,"C09336, C12224","0.760019154265508, 0.749504240559815"
366.082,46.2,SynNeg 03/24,,,,,,,C08109,0.75
444.1572,16.8,SynNeg 03/24,,,,,,,C00101,0.75
481.1351,50.45,SynNeg 03/24,,,,,,,C09775,0.75
296.1014,42.42,SynNeg 03/24,,,,,,,C05342,0.75
218.1045,44.88,SynNeg 03/24,,,,,C00864,35.0,"C00864, C15545, C00371","0.757130677414354, 0.363787319738728, 0.363787319738728"
379.0179,12.28,SynNeg 03/24,,,,,,,C08068,0.75
182.0278,54.05,SynNeg 03/24,,,,,,,C17239,0.75
303.0839,41.3,SynNeg 03/24,,,,,"C12270, C12270","14.0, 8.0","C12270, C19013, C18354, C18356, C18360, C08740, C08761","0.85736381772081, 0.839289708881089, 0.829409426793831, 0.79258808095952, 0.772511859098747, 0.733825029915144, 0.68374069708156"
315.0841,18.65,SynNeg 03/24,,,,,,,"C17126, C16925, C16914, C14969, C11706, C10457, C10204","0.0, 0.0, 0.0, 0.0, 0.0, 0.0, 0.0"
407.1754,49.44,SynNeg 03/24,,,,,,,C09579,0.75
173.0721,47.35,SynNeg 03/24,,,,,,,"C02937, C02693, C13008","0.872317596566524, 0.872317596566524, 0.75"
144.0666,46.94,SynNeg 03/24,,,,,,,"C05825, C04076, C03656, C03239, C02946","0.0, 0.0, 0.0, 0.0, 0.0"
269.0554,14.74,SynNeg 03/24,,,,,,,"C15296, C07905","0.77575553473117, 0.513090925617061"
407.1039,13.87,SynNeg 03/24,,,,,,,C09011,0.0
292.1428,28.32,SynNeg 03/24,,,,,,,C07325,0.75
149.025,47.73,SynNeg 03/24,,,,,C02137,100.0,"C02137, C03057, C10812","0.955678670360111, 0.795508508112386, 0.75"
173.009,22.75,SynNeg 03/24,,,,,C00417,29.0,"C05422, C02341, C00417, C06747","0.75, 0.106509012910847, 0.106509012910847, 0.0"
159.1024,5.09,SynNeg 03/24,,,,,,,"C16651, C16650, C16649, C20793, C03865, C03864, C17527","0.860349127182045, 0.860349127182045, 0.860349127182045, 0.821695760598504, 0.75, 0.75, 0.335697322891682"
261.0889,52.77,SynNeg 03/24,,,,,,,C18260,0.75
240.0498,20.77,SynNeg 03/24,,,,,,,C04204,0.75
215.0328,14.21,SynNeg 03/24,,,,,,,"C01864, C01557, C17843, C18081, C18082, C11434","0.778741231488698, 0.777377240841777, 0.774665828700343, 0.767537022603274, 0.75, 0.0689770232201502"
149.0452,15.31,SynNeg 03/24,,,,,,,"C21067, C21057, C21040, C20569, C16639, C11476, C08373, C08354, C08353, C08346, C06115, C05052, C02604, C02479, C02205, C02204, C02096, C01510, C01508, C01488, C01394, C00508, C00476, C00312, C00310, C00309, C00259, C00216, C00181, C00121","0.0, 0.0, 0.0, 0.0, 0.0, 0.0, 0.0, 0.0, 0.0, 0.0, 0.0, 0.0, 0.0, 0.0, 0.0, 0.0, 0.0, 0.0, 0.0, 0.0, 0.0, 0.0, 0.0, 0.0, 0.0, 0.0, 0.0, 0.0, 0.0, 0.0"
428.0289,46.74,SynNeg 03/24,,,,,,,C10907,0.75
367.1523,26.05,SynNeg 03/24,,,,,,,C15145,0.75
87.0462,47.19,SynNeg 03/24,,,C00246,0.35,,,"C14440, C02632, C01769, C00849, C00810, C00466, C00246","0.0, 0.0, 0.0, 0.0, 0.0, 0.0, 0.0"
328.1205,2.83,SynNeg 03/24,,,,,,,"C12166, C12165, C12178, C10722","0.78222666490336, 0.782011249652458, 0.75, 0.569438911033895"
431.1509,50.91,SynNeg 03/24,,,,,,,C17564,0.75
130.0872,29.07,SynNeg 03/24,,,,,,,"C21096, C21092, C16647, C16439, C16434, C08263, C06418, C02486, C02378, C01933, C01570, C00407, C00123","0.0, 0.0, 0.0, 0.0, 0.0, 0.0, 0.0, 0.0, 0.0, 0.0, 0.0, 0.0, 0.0"
417.1878,16.68,SynNeg 03/24,,,,,,,C17820,0.75
117.0559,43.94,SynNeg 03/24,,,,,,,"C20827, C02804","0.0, 0.0"
234.1137,3.99,SynNeg 03/24,,,,,,,C09573,0.75
333.0609,12.85,SynNeg 03/24,,,,,,,"C01225, C04703, C10517, C04641","0.834036080273271, 0.821697499982025, 0.818228242936765, 0.816893913303973"
349.0902,54.3,SynNeg 03/24,,,,,,,"C08126, C17404, C19590","0.75846798274218, 0.756348215916531, 0.75"
481.2465,2.06,SynNeg 03/24,,,,,,,C17702,0.75
324.0738,42.67,SynNeg 03/24,,,,,,,"C07524, C08535","0.75, 0.268749833863673"
427.17,12.94,SynNeg 03/24,,,,,,,C08951,0.75
186.1135,1.39,SynNeg 03/24,,,,,,,"C12029, C01092","0.75, 0.0"
375.1343,52.06,SynNeg 03/24,,,,,C00255,38.0,"C00255, C07384, C11661, C01512","0.75, 0.662891944487543, 0.625416318311704, 0.625416318311704"
425.085,14.21,SynNeg 03/24,,,,,,,C05526,0.75
449.0906,13.69,SynNeg 03/24,,,,,,,C10593,0.75
408.1276,19.29,SynNeg 03/24,,,,,,,C11366,0.75
293.0612,50.14,SynNeg 03/24,,,,,,,C06981,0.75
425.1829,16.95,SynNeg 03/24,,,,,,,C15970,0.75
182.9296,11.14,SynNeg 03/24,,,,,,,C06550,0.0
405.1455,13.94,SynNeg 03/24,,,,,,,C18375,0.75
404.0562,16.47,SynNeg 03/24,,,,,,,C18459,0.75
216.1247,2.87,SynNeg 03/24,,,,,,,C03017,0.75
357.1337,42.61,SynNeg 03/24,,,,,,,"C08831, C17508, C09077, C10317, C10682, C20455, C17808, C05366, C10558, C09516, C09515, C17414","0.848097112860892, 0.806758530183727, 0.806758530183727, 0.75, 0.435877208259503, 0.418324714821182, 0.418324714821182, 0.418324714821182, 0.399952011409109, 0.268883068358352, 0.268883068358352, 0.253955246836043"
307.0512,50.68,SynNeg 03/24,,,,,,,C11276,0.75
257.1016,51.38,SynNeg 03/24,,,,,,,"C00670, C19031","0.75, 0.0"
453.0115,12.81,SynNeg 03/24,,,,,,,C18883,0.75
129.0569,54.17,SynNeg 03/24,,,,,,,"C06102, C06008, C03467, C03465, C02129, C02122, C00902, C00671, C00233, C03241, C12314, C01012, C14530, C03500","0.926952141057935, 0.926952141057935, 0.926952141057935, 0.926952141057935, 0.926952141057935, 0.926952141057935, 0.926952141057935, 0.926952141057935, 0.926952141057935, 0.851385390428212, 0.775818639798489, 0.775818639798489, 0.75, 0.0"
361.0941,50.13,SynNeg 03/24,,,,,,,C06327,0.75
235.0733,43.1,SynNeg 03/24,,,,,,,"C19717, C15605, C02700","0.844981090450678, 0.578228465642016, 0.578228465642016"
498.9234,12.47,SynNeg 03/24,,,,,,,"C11555, C04520, C04477, C01272, C18142","0.859756097560976, 0.859756097560976, 0.859756097560976, 0.859756097560976, 0.75"
119.0347,16.72,SynNeg 03/24,,,,,,,"C15587, C06463, C02045, C02022, C01796","0.0, 0.0, 0.0, 0.0, 0.0"
147.0447,1.27,SynNeg 03/24,,,,,"C00423, C05608","100.0, 18.0","C05608, C07720, C00423, C10438, C07728, C02274, C17268","0.856768100734523, 0.838579923050017, 0.826687653025533, 0.81794333683106, 0.805919902063659, 0.75, 0.45665306632295"
335.0347,47.41,SynNeg 03/24,,,,,,,"C08726, C19090","0.820587253920587, 0.457463219871697"
339.106,1.29,SynNeg 03/24,,,,,,,C18698,0.75
93.0356,35.73,SynNeg 03/24,,,,,,,"C01782, C15584, C00146","0.781722054380665, 0.75, 0.75"
421.2311,9.63,SynNeg 03/24,,,,,,,C07874,0.75
417.1403,51.29,SynNeg 03/24,,,,,,,C17867,0.75
316.1541,46.99,SynNeg 03/24,,,,,,,"C10692, C12238, C14988, C08530, C13794, C08516, C15007, C13730","0.776414481735168, 0.766590830748018, 0.719100210434416, 0.70843750122546, 0.70812025014792, 0.661316501511862, 0.660345002912051, 0.642094658359653"
181.0509,50.12,SynNeg 03/24,,,C05582,0.43,C03672,82.0,"C20953, C05582, C10680, C21085, C05583, C12622, C03672, C10447, C04044, C03964","0.778809605038481, 0.770039814521208, 0.760813419501368, 0.75, 0.742354461129751, 0.730600276801761, 0.710974824502693, 0.684474267237397, 0.676182897207878, 0.673638910045565"
399.1769,53.4,SynNeg 03/24,,,,,,,"C14668, C10621, C10555","0.838151737967914, 0.75, 0.75"
462.1198,49.14,SynNeg 03/24,,,,,,,C12141,0.75
281.0903,42.43,SynNeg 03/24,,,,,,,"C01630, C20568, C02243, C12118, C20570","0.869602129165601, 0.857629926664173, 0.825376334578042, 0.75, 0.0506278845504209"
593.214,42.48,SynNeg 03/24,,,,,,,C17565,0.75
394.0275,16.46,SynNeg 03/24,,,,,,,C08110,0.75
293.0553,14.86,SynNeg 03/24,,,,,,,"C17132, C17133, C17136","0.788172140562109, 0.75, 0.117107979762528"
409.0937,16.79,SynNeg 03/24,,,,,,,"C12423, C12422, C10949","0.75, 0.730692146330053, 0.379154122061736"
472.1104,16.9,SynNeg 03/24,,,,,,,C05674,0.75
335.0541,19.34,SynNeg 03/24,,,,,,,"C00796, C14350, C12376","0.75, 0.0, 0.0"
396.0573,38.03,SynNeg 03/24,,,,,,,C18703,0.75
164.0572,18.69,SynNeg 03/24,,,,,C02242,39.0,"C02242, C02230","0.859600329625052, 0.75"
420.1983,16.74,SynNeg 03/24,,,,,,,C11098,0.75
323.0299,16.36,SynNeg 03/24,,,,,C00105,22.0,"C00105, C03031, C01368, C01168","0.801997313245141, 0.765801370392966, 0.756746107163472, 0.75"
267.066,14.21,SynNeg 03/24,,,,,,,"C10414, C11621, C15203, C00858, C08566, C12125, C15110","0.75, 0.603230580595794, 0.559971874736974, 0.519257294313866, 0.344947061352304, 0.204428515925908, 0.192087494153975"
118.0508,14.07,SynNeg 03/24,,,,,,,"C12317, C11108, C05519, C00820, C00188, C00263, C03678, C02115","0.780940594059406, 0.780940594059406, 0.780940594059406, 0.780940594059406, 0.780940594059406, 0.75, 0.0, 0.0"
481.2778,12.87,SynNeg 03/24,,,,,,,C09093,0.75
345.0652,12.31,SynNeg 03/24,,,,,,,"C19588, C09967, C11620, C04581, C19589, C10021, C17788","0.75, 0.54752178504341, 0.543178323733754, 0.523367402353161, 0.517692580609858, 0.510587385893688, 0.500240822194148"
175.0255,50.62,SynNeg 03/24,,,,,C02670,100.0,"C03217, C04471, C04349, C04053, C06033, C03289, C06430, C02670, C03387, C20364, C00072, C06440, C19806","0.824177687351645, 0.78604396587422, 0.78604396587422, 0.78604396587422, 0.779393413546958, 0.753670631081557, 0.750275517124449, 0.750275517124449, 0.75, 0.742480397103937, 0.742480397103937, 0.737902574113093, 0.127876879664954"
163.04,24.96,SynNeg 03/24,,,C12621,0.31,,,"C12621, C10945, C07114, C06738, C05838, C02763, C01772, C00811, C00166","0.0, 0.0, 0.0, 0.0, 0.0, 0.0, 0.0, 0.0, 0.0"
441.1713,16.82,SynNeg 03/24,,,,,,,C10474,0.75
324.9535,17.47,SynNeg 03/24,,,,,,,C18967,0.75
261.0898,50.34,SynNeg 03/24,,,,,,,C18260,0.75
333.097,21.97,SynNeg 03/24,,,,,,,"C09430, C17083, C14874, C09141, C19019","0.801653872205916, 0.75, 0.327792348905007, 0.163227974227963, 0.0627584238173599"
545.0527,16.77,SynNeg 03/24,,,,,,,"C11926, C11907, C00688, C19960, C11908","0.799799465240642, 0.799799465240642, 0.799799465240642, 0.75, 0.75"
352.067,17.72,SynNeg 03/24,,,,,,,C01304,0.75
289.0194,17.55,SynNeg 03/24,,,,,,,C19009,0.75
611.1419,39.95,SynNeg 03/24,,,,,,,C00127,0.75
351.1366,4.59,SynNeg 03/24,,,,,,,"C03292, C15424","0.75, 0.315583661470012"
359.1282,25.47,SynNeg 03/24,,,,,,,"C17754, C07713, C07184, C13487","0.777699968876439, 0.709949553222317, 0.644439383489916, 0.276901414198758"
373.0704,13.84,SynNeg 03/24,,,,,,,"C10332, C10358","0.760878803331633, 0.75"
467.0708,53.49,SynNeg 03/24,,,,,C06928,15.0,,
421.2307,6.33,SynNeg 03/24,,,,,,,C07874,0.75
497.1028,50.11,SynNeg 03/24,,,,,,,C03646,0.75
410.9703,13.42,SynNeg 03/24,,,,,,,C17121,0.75
168.0666,16.71,SynNeg 03/24,,,,,"C00547, C00314","38.0, 35.0","C00314, C00547","0.818671708849058, 0.75"
286.092,44.85,SynNeg 03/24,,,,,,,C08344,0.75
407.177,12.33,SynNeg 03/24,,,,,,,C09579,0.75
117.0564,51.36,SynNeg 03/24,,,,,,,"C20827, C02804","0.0, 0.0"
147.045,43.79,SynNeg 03/24,,,,,,,"C10438, C00423, C07728, C02274, C17268, C07720, C05608","0.910828025477707, 0.910828025477707, 0.75, 0.75, 0.0, 0.0, 0.0"
453.0632,45.25,SynNeg 03/24,,,,,,,C04823,0.75
352.0669,26.91,SynNeg 03/24,,,,,,,C01304,0.75
381.1026,12.92,SynNeg 03/24,,,,,,,"C10546, C12420","0.781930693069307, 0.75"
268.1053,14.06,SynNeg 03/24,,,,,,,C19412,0.75
87.0459,49.22,SynNeg 03/24,,,C00246,0.35,,,"C14440, C02632, C01769, C00849, C00810, C00466, C00246","0.0, 0.0, 0.0, 0.0, 0.0, 0.0, 0.0"
335.1079,2.92,SynNeg 03/24,,,,,,,"C18461, C15501","0.75, 0.48474402264769"
475.1966,13.94,SynNeg 03/24,,,,,,,C11132,0.75
449.1518,16.74,SynNeg 03/24,,,,,,,C09478,0.75
525.0639,12.39,SynNeg 03/24,,,,,,,C18596,0.75
379.1167,49.4,SynNeg 03/24,,,,,,,"C14612, C08358","0.814856854584437, 0.0627522678450228"
131.0714,49.78,SynNeg 03/24,,,,,,,"C06103, C03499, C07834, C13773, C03264","0.846816976127321, 0.813273651635721, 0.75, 0.296300156925706, 0.0"
248.13,5.02,SynNeg 03/24,,,,,,,"C20983, C18717, C10169, C15032","0.818465154302064, 0.686367073191046, 0.661799876825907, 0.646727324199706"
335.078,16.49,SynNeg 03/24,,,,,,,"C17193, C10296, C10434","0.75, 0.238800825714107, 0.067835216259078"
403.1145,48.41,SynNeg 03/24,,,,,,,C07317,0.75
121.0298,52.83,SynNeg 03/24,,,,,,,"C06202, C03067, C00633, C15474, C00539, C00180","0.946947480671821, 0.946947480671821, 0.946947480671821, 0.900559850706478, 0.75, 0.75"
339.0721,50.59,SynNeg 03/24,,,,,,,"C01421, C09264, C09206, C02887","0.75246451104101, 0.75, 0.75, 0.476188288744531"
191.0821,45.33,SynNeg 03/24,,,,,,,"C09907, C16151","0.75, 0.700376860271675"
116.0713,16.51,SynNeg 03/24,,,,,,,"C16436, C15987, C07457, C06417, C03571, C01826, C01799, C00719, C00431, C00183","0.0, 0.0, 0.0, 0.0, 0.0, 0.0, 0.0, 0.0, 0.0, 0.0"
373.0605,12.3,SynNeg 03/24,,,,,,,C18514,0.75
367.1315,1.44,SynNeg 03/24,,,,,,,C11796,0.75
553.2004,50.11,SynNeg 03/24,,,,,,,"C17686, C17476","0.8888088376561, 0.75"
648.1909,48.71,SynNeg 03/24,,,,,,,C13494,0.75
490.165,52.63,SynNeg 03/24,,,,,,,"C11814, C11813","0.75, 0.75"
356.1722,1.06,SynNeg 03/24,,,,,,,C10412,0.75
161.045,14.07,SynNeg 03/24,,,C02360,0.6,,,"C06159, C03979, C03827, C02360, C16390, C03652, C18028, C11592, C06158, C02991, C20902, C06478, C06474, C17209, C06485, C00478, C03761, C02488, C01989, C01088","0.86990459670425, 0.86990459670425, 0.86990459670425, 0.865134431916739, 0.859713790112749, 0.816890719861232, 0.812012142237641, 0.810765394622723, 0.787077189939289, 0.787077189939289, 0.75, 0.658124847382792, 0.658124847382792, 0.633894578518959, 0.632593624486001, 0.484895553177497, 0.36549473303239, 0.36549473303239, 0.357672306383593, 0.357672306383593"
384.1006,1.58,SynNeg 03/24,,,,,,,C03431,0.75
328.0417,5.66,SynNeg 03/24,,,,,,,"C02353, C02507, C00575, C18661","0.75, 0.350557201581006, 0.170754142478543, 0.0602790342302545"
419.1242,4.55,SynNeg 03/24,,,,,,,"C14918, C11674","0.75, 0.585717906434855"
475.9559,17.68,SynNeg 03/24,,,,,,,C20349,0.75
379.084,14.21,SynNeg 03/24,,,,,,,C11190,0.75
363.0398,13.79,SynNeg 03/24,,,,,,,C00655,0.75
439.1979,54.64,SynNeg 03/24,,,,,,,C11899,0.75
309.1121,45.54,SynNeg 03/24,,,,,,,"C17016, C15051, C05113","0.81643406085806, 0.775978938449434, 0.719841761972156"
284.1005,14.03,SynNeg 03/24,,,,,,,C07195,0.75
417.1307,16.8,SynNeg 03/24,,,,,,,"C06446, C17867","0.870485553772071, 0.75"
180.0671,25.18,SynNeg 03/24,,,,,C04368,36.0,"C19579, C03290, C06420, C20807, C01536, C00082, C04368, C19712","0.833941157187346, 0.544347495044521, 0.542150607588652, 0.534803821283902, 0.534803821283902, 0.534803821283902, 0.460987349075983, 0.0633428767102639"
131.0458,13.85,SynNeg 03/24,,,,,C00152,14.0,"C19258, C16438, C01905, C02642, C02037, C00152, C01043, C19301","0.768992162411849, 0.75, 0.75, 0.743421700326376, 0.731407694244351, 0.730267286845584, 0.717121327189326, 0.717032075999265"
335.0949,1.99,SynNeg 03/24,,,,,,,"C18363, C10529, C10523","0.860576923076923, 0.650060396884773, 0.63139301617663"
331.0607,47.99,SynNeg 03/24,,,,,,,C10355,0.0
357.1074,49.51,SynNeg 03/24,,,,,,,C20888,0.75
339.0672,53.89,SynNeg 03/24,,,,,,,"C01421, C09264, C09206, C17400, C02887","0.75, 0.670325446235099, 0.663745277024412, 0.0604631206637447, 0.0411351607151111"
172.0405,50.12,SynNeg 03/24,,,,,,,"C19474, C14040, C06556, C06414, C06325","0.0, 0.0, 0.0, 0.0, 0.0"
158.0826,50.86,SynNeg 03/24,,,,,,,"C03087, C10850, C10151, C08269","0.829480405107882, 0.768604139145751, 0.75, 0.75"
179.0562,16.68,SynNeg 03/24,,,,,C15923,11.0,"C13747, C07480, C02782, C01934, C01720, C01680, C21066, C21050, C15923, C06467, C06466, C06465, C06464, C02209, C01825, C01487, C00984, C00962, C00936, C00738, C00737, C00267, C00221, C00159, C00124, C00031, C19891, C10906, C07130, C06153, C06152, C06151, C01582, C01452, C00137","0.894796849087894, 0.894796849087894, 0.0817610861042731, 0.0656847291948351, 0.0656847291948351, 0.0656847291948351, 0.0548124957228469, 0.0548124957228469, 0.0548124957228469, 0.0548124957228469, 0.0548124957228469, 0.0548124957228469, 0.0548124957228469, 0.0548124957228469, 0.0548124957228469, 0.0548124957228469, 0.0548124957228469, 0.0548124957228469, 0.0548124957228469, 0.0548124957228469, 0.0548124957228469, 0.0548124957228469, 0.0548124957228469, 0.0548124957228469, 0.0548124957228469, 0.0548124957228469, 0.0, 0.0, 0.0, 0.0, 0.0, 0.0, 0.0, 0.0, 0.0"
231.0604,18.19,SynNeg 03/24,,,,,,,C18934,0.75
235.073,28.58,SynNeg 03/24,,,,,,,"C15605, C02700, C19717, C18255, C18249","0.863590683376685, 0.863590683376685, 0.726629860324438, 0.617105447467157, 0.617105447467157"
281.1016,53.25,SynNeg 03/24,,,,,,,C00939,0.75
288.0306,45.56,SynNeg 03/24,,,,,,,"C14965, C14927","0.759308169179414, 0.75"
405.1833,13.25,SynNeg 03/24,,,,,,,"C06875, C14648","0.807199729865121, 0.75"
401.0195,19.33,SynNeg 03/24,,,,,,,C00363,0.75
187.1089,16.55,SynNeg 03/24,,,,,"C12989, C02727","26.0, 19.0","C12989, C03846, C02727, C02155","0.88323124042879, 0.88323124042879, 0.88323124042879, 0.75"
359.0393,42.76,SynNeg 03/24,,,,,,,C18406,0.75
413.1342,12.38,SynNeg 03/24,,,,,,,"C20571, C06667, C07001","0.769430051813472, 0.75, 0.0"
381.1756,12.87,SynNeg 03/24,,,,,,,C19435,0.75
272.0596,50.12,SynNeg 03/24,,,,,,,"C07843, C10678, C07949","0.820000668167966, 0.75, 0.721429212930302"
439.1015,16.5,SynNeg 03/24,,,,,,,C09105,0.75
202.11,28.1,SynNeg 03/24,,,,,,,"C08435, C04083","0.0, 0.0"
279.11,52.45,SynNeg 03/24,,,,,,,C20579,0.75
373.1041,43.16,SynNeg 03/24,,,,,,,C08565,0.75
425.1591,40.99,SynNeg 03/24,,,,,,,"C09116, C09261","0.770083102493075, 0.75"
482.0847,13.81,SynNeg 03/24,,,,,,,C21017,0.75
341.1256,49.58,SynNeg 03/24,,,,,,,C00761,0.75
489.111,16.67,SynNeg 03/24,,,,,,,C05560,0.75
391.1289,43.46,SynNeg 03/24,,,,,,,"C11173, C17066","0.75, 0.701367818061248"
170.9443,11.0,SynNeg 03/24,,,,,,,"C14841, C14840, C14839, C14453","0.0, 0.0, 0.0, 0.0"
405.1476,19.24,SynNeg 03/24,,,,,,,C18375,0.75
377.1944,53.48,SynNeg 03/24,,,,,,,"C15291, C17012, C14923","0.880285470931871, 0.831367795799777, 0.75"
287.141,4.02,SynNeg 03/24,,,,,,,"C11495, C11494","0.75, 0.75"
190.055,50.62,SynNeg 03/24,,,,,,,C02712,0.75
461.0711,25.24,SynNeg 03/24,,,,,,,"C06879, C03515, C14319","0.816347192224622, 0.786092645006008, 0.672553112021282"
131.0353,47.21,SynNeg 03/24,,,,,,,"C11838, C07581, C06010, C04181, C04106, C03589, C02674, C00900, C00489","0.0, 0.0, 0.0, 0.0, 0.0, 0.0, 0.0, 0.0, 0.0"
188.0355,52.14,SynNeg 03/24,,,,,C01717,19.0,"C14802, C14800, C18621, C01717, C16715, C02172","0.848503797968792, 0.848503797968792, 0.783360923888935, 0.783360923888935, 0.775887573964497, 0.75"
142.0661,49.44,SynNeg 03/24,,,,,,,"C14790, C02227","0.0, 0.0"
173.0819,5.21,SynNeg 03/24,,,C08278,0.51,,,"C16658, C14570, C08278, C19402","0.885893644506732, 0.885893644506732, 0.885893644506732, 0.75"
508.1444,10.95,SynNeg 03/24,,,,,,,C11212,0.75
93.0354,53.64,SynNeg 03/24,,,,,,,"C01782, C15584, C00146","0.81828885400314, 0.75, 0.75"
593.2064,51.72,SynNeg 03/24,,,,,,,C17565,0.75
273.0345,1.97,SynNeg 03/24,,,,,,,C04359,0.75
555.202,51.32,SynNeg 03/24,,,,,,,"C11667, C11666","0.75, 0.75"
265.0482,12.7,SynNeg 03/24,,,,,,,"C18252, C08506","0.75, 0.259562855917813"
344.1008,15.02,SynNeg 03/24,,,,,,,C17757,0.75
164.0717,43.81,SynNeg 03/24,,,,,C00079,17.0,"C02265, C02057, C00079, C19578, C18747, C20488, C20487, C19565, C07527, C18090","0.755002742295876, 0.755002742295876, 0.755002742295876, 0.75, 0.427521935718352, 0.31467423719322, 0.31467423719322, 0.0609583815888007, 0.0519856590214887, 0.0421179756844176"
367.0645,13.24,SynNeg 03/24,,,,,,,C20022,0.75
325.0491,16.46,SynNeg 03/24,,,,,,,C04639,0.75
203.0677,16.86,SynNeg 03/24,,,,,,,C07070,0.75
393.0993,17.51,SynNeg 03/24,,,,,,,C10633,0.75
135.045,50.1,SynNeg 03/24,,,,,,,"C14087, C10700, C07215, C07211, C07189, C07086, C07085, C06224, C03765, C01454, C20645, C15583, C10761, C05613, C00548","0.75, 0.75, 0.75, 0.75, 0.75, 0.75, 0.75, 0.75, 0.75, 0.75, 0.0, 0.0, 0.0, 0.0, 0.0"
154.9981,17.4,SynNeg 03/24,,,,,,,C20450,0.75
405.1077,26.15,SynNeg 03/24,,,,,,,"C13836, C11561, C14647","0.75, 0.399281915932548, 0.00704655101156791"
487.0453,12.21,SynNeg 03/24,,,,,,,C18855,0.75
344.1148,53.75,SynNeg 03/24,,,,,,,C08520,0.75
396.1455,49.22,SynNeg 03/24,,,,,,,C15689,0.75
361.1093,25.75,SynNeg 03/24,,,,,,,C09768,0.75
296.0971,4.8,SynNeg 03/24,,,,,,,"C09569, C05342","0.750614358434264, 0.75"
490.984,13.82,SynNeg 03/24,,,,,,,C01345,0.75
429.0505,10.82,SynNeg 03/24,,,,,,,"C08160, C08133","0.75, 0.0"
101.0606,3.34,SynNeg 03/24,,,,,,,"C18319, C08262, C00803","0.0, 0.0, 0.0"
451.1346,45.64,SynNeg 03/24,,,,,,,"C19432, C18683, C12404","0.75, 0.717501904657436, 0.716711301540201"
373.115,2.78,SynNeg 03/24,,,,,,,"C11564, C11673, C16963, C09800, C01957, C18591","0.75, 0.0629865371910161, 0.0493884649121105, 0.0493884649121105, 0.0493884649121105, 0.0473929758228068"
578.1838,52.58,SynNeg 03/24,,,,,,,C07030,0.75
129.018,22.91,SynNeg 03/24,,,"C02214, C02226","0.35, 0.4",,,"C02800, C02226, C02214, C02132, C01732, C00490, C00433","0.0, 0.0, 0.0, 0.0, 0.0, 0.0, 0.0"
160.0613,36.62,SynNeg 03/24,,,,,,,"C19694, C17581, C06234, C05016, C03210, C02207, C01077, C01046, C00956","0.0, 0.0, 0.0, 0.0, 0.0, 0.0, 0.0, 0.0, 0.0"
489.1122,12.21,SynNeg 03/24,,,,,,,C05560,0.75
191.02,54.61,SynNeg 03/24,,,"C00158, C00451","0.6, 0.49","C00158, C00311","37.0, 36.0","C21091, C03921, C02780, C00679, C04575, C00158, C21095, C20896, C20890, C20889, C03600, C04617, C00451, C00311","0.85929648241206, 0.85929648241206, 0.85929648241206, 0.85929648241206, 0.781407035175879, 0.781407035175879, 0.777638190954774, 0.777638190954774, 0.777638190954774, 0.777638190954774, 0.777638190954774, 0.75, 0.75, 0.75"
250.0177,54.58,SynNeg 03/24,,,,,,,C11686,0.75
181.0163,14.94,SynNeg 03/24,,,,,,,"C14097, C12325, C06680, C01853","0.75, 0.70346845479583, 0.693687558722532, 0.499772139093797"
257.0782,20.98,SynNeg 03/24,,,,,,,"C09273, C09283, C08465, C16929, C09980, C16744, C05131","0.907037675178853, 0.895498461410029, 0.87524869883222, 0.87346403229594, 0.86974801430259, 0.866932329356542, 0.75"
137.0251,51.58,SynNeg 03/24,,,"C00156, C00805","0.3, 0.57","C05585, C16700, C00805","78.0, 40.0, 21.0","C10832, C18316, C16700, C05585, C00805, C00587, C00156","0.840474020054695, 0.830218778486782, 0.816545123062899, 0.816545123062899, 0.75, 0.75, 0.75"
315.0823,14.27,SynNeg 03/24,,,,,,,C11706,0.75
251.0795,38.85,SynNeg 03/24,,,,,C05512,43.0,"C05512, C21102, C07443, C15586, C01736, C16602, C16601, C07492, C07496","0.876868666599779, 0.858232166148289, 0.811256386304749, 0.75, 0.75, 0.689943269599704, 0.689943269599704, 0.666475646800373, 0.663967369485233"
213.1499,6.9,SynNeg 03/24,,,,,,,C02367,0.0
173.0569,16.63,SynNeg 03/24,,,,,,,"C16674, C00439","0.75, 0.244869878969105"
339.0884,14.99,SynNeg 03/24,,,,,,,"C14877, C03944, C17473, C10090, C08569, C05403, C05731, C01093","0.812468081852979, 0.755912084896167, 0.747076743994408, 0.709962318842668, 0.587904779386486, 0.232111233206441, 0.232042621002617, 0.230693247660745"
442.1155,43.22,SynNeg 03/24,,,,,,,C18886,0.75
498.1691,51.87,SynNeg 03/24,,,,,,,C04695,0.75
297.0625,44.87,SynNeg 03/24,,,,,,,"C00994, C19787","0.785981017742364, 0.75"
189.0043,13.69,SynNeg 03/24,,,,,,,C05379,0.75
501.152,49.65,SynNeg 03/24,,,,,,,C12082,0.75
249.1464,12.31,SynNeg 03/24,,,,,,,"C20405, C20403, C07020, C14716, C09295, C13456, C13453, C09748, C09711, C09689","0.910828025477707, 0.910828025477707, 0.910828025477707, 0.819267515923567, 0.75, 0.0, 0.0, 0.0, 0.0, 0.0"
421.0726,55.0,SynNeg 03/24,,,,,,,"C10095, C16979, C10089, C10077, C16688, C00689, C05396, C04534, C02995, C20237","0.762506871907642, 0.761233095002698, 0.752886201209456, 0.75, 0.615123910642372, 0.615123910642372, 0.593613385666904, 0.593613385666904, 0.593613385666904, 0.592376442291423"
355.1011,2.05,SynNeg 03/24,,,,,,,"C09782, C17759","0.75, 0.301531681686756"
279.1643,7.06,SynNeg 03/24,,,,,,,"C17748, C19417","0.816483280006074, 0.75"
349.1219,16.46,SynNeg 03/24,,,,,,,C19919,0.75
279.1001,50.68,SynNeg 03/24,,,,,,,"C08485, C15191","0.75, 0.324944705063433"
399.0837,45.48,SynNeg 03/24,,,,,,,C19601,0.0
380.0995,44.91,SynNeg 03/24,,,,,,,C07865,0.75
431.1376,14.21,SynNeg 03/24,,,,,,,C16223,0.75
272.0682,52.14,SynNeg 03/24,,,,,,,"C19271, C19471","0.763949671772429, 0.75"
401.0516,50.15,SynNeg 03/24,,,,,,,C18556,0.75
530.2451,24.97,SynNeg 03/24,,,,,,,C10597,0.75
319.0783,19.2,SynNeg 03/24,,,,,,,"C02947, C18358, C11586","0.758633517714801, 0.7572039401759, 0.75"
382.1237,16.78,SynNeg 03/24,,,,,,,C11029,0.75
194.0463,46.03,SynNeg 03/24,,,,,,,"C00822, C05604, C07588, C19631, C04274","0.784830997526793, 0.770610057708162, 0.763396537510305, 0.754534212695796, 0.75"
530.1746,10.92,SynNeg 03/24,,,,,,,C08080,0.75
465.0997,54.47,SynNeg 03/24,,,,,,,"C03293, C17531","0.75, 0.120791100062427"
197.0432,53.21,SynNeg 03/24,,,C05584,0.48,,,"C21086, C10833, C05584, C01207","0.0, 0.0, 0.0, 0.0"
346.0579,16.53,SynNeg 03/24,,,,,"C00362, C01367, C00020","40.0, 25.0, 18.0","C04378, C01367, C00020, C00362, C00946, C19970","0.829226536598293, 0.804617994364963, 0.792984531158317, 0.751567912462545, 0.75, 0.703618930620305"
427.105,12.9,SynNeg 03/24,,,,,,,"C18764, C12425","0.752497458661184, 0.75"
175.0244,2.45,SynNeg 03/24,,,,,,,"C19806, C06033, C04471, C04349, C04053, C03217, C20364, C06440, C06430, C03387, C03289, C02670, C00072","0.84180790960452, 0.84180790960452, 0.84180790960452, 0.84180790960452, 0.84180790960452, 0.84180790960452, 0.75, 0.75, 0.75, 0.75, 0.75, 0.75, 0.75"
112.9368,12.58,SynNeg 03/24,,,,,,,C05529,0.75
546.0755,49.11,SynNeg 03/24,,,,,,,C14817,0.75
346.059,18.39,SynNeg 03/24,,,,,C00020,1.0,"C00946, C04378, C00020, C01367, C00362, C19970","0.75, 0.70222018396579, 0.70222018396579, 0.702082657606571, 0.296995102782425, 0.279002070784625"
353.068,50.6,SynNeg 03/24,,,,,,,C07952,0.75
308.0996,20.59,SynNeg 03/24,,,,,,,"C03525, C21053, C19910, C19909, C00270","0.827854671280277, 0.76189446366782, 0.75, 0.75, 0.75"
429.0802,43.94,SynNeg 03/24,,,,,,,C18555,0.75
333.0607,14.3,SynNeg 03/24,,,,,,,"C10517, C04703, C01225, C04641, C18347, C09770","0.755934013766912, 0.755934013766912, 0.750771421789699, 0.75, 0.0, 0.0"
328.1101,19.08,SynNeg 03/24,,,,,,,C11569,0.75
296.1022,41.31,SynNeg 03/24,,,,,,,C05342,0.75
323.0939,16.51,SynNeg 03/24,,,,,,,"C07366, C18679, C04420, C04333","0.75, 0.312704149856169, 0.242325516263965, 0.236758124769681"
530.1893,26.02,SynNeg 03/24,,,,,,,C08440,0.0
443.1287,13.04,SynNeg 03/24,,,,,,,C19703,0.75
478.2102,47.6,SynNeg 03/24,,,,,,,C15328,0.75
465.2692,10.61,SynNeg 03/24,,,,,,,C09390,0.75
330.098,46.01,SynNeg 03/24,,,,,,,C10718,0.75
190.0507,43.08,SynNeg 03/24,,,,,C05635,7.0,"C16596, C05635, C06725","0.75, 0.539379469608174, 0.409349294266877"
370.0922,43.44,SynNeg 03/24,,,,,,,C07255,0.75
245.0428,13.06,SynNeg 03/24,,,,,,,"C03274, C09285, C02162, C06355","0.825665509259259, 0.0960110740897933, 0.0960110740897933, 0.0847263518675711"
333.0776,16.71,SynNeg 03/24,,,,,,,C12400,0.75
359.078,50.19,SynNeg 03/24,,,,,,,"C19487, C01850, C09764, C10115, C09982, C20508, C17787, C17957, C10191, C04552, C10116, C10031","0.897332730560579, 0.274018681319267, 0.119464360965287, 0.0777371450025242, 0.0753100027212318, 0.072072335072981, 0.0650563131761227, 0.0645279050720456, 0.0634655180919371, 0.0526470011099526, 0.050332606699532, 0.050332606699532"
217.083,16.66,SynNeg 03/24,,,,,C09006,17.0,"C03738, C20958, C20957","0.839101034208433, 0.75, 0.75"
379.1808,12.36,SynNeg 03/24,,,,,,,"C08756, C17643","0.779189189189189, 0.75"
243.0634,21.99,SynNeg 03/24,,,,,,,"C16745, C00299, C02067, C12090, C08466, C09778, C08743, C14283, C10273, C05901","0.831071076011846, 0.831071076011846, 0.828418065153011, 0.775685920068057, 0.758129011490327, 0.754519682763772, 0.736692830235875, 0.729165683148017, 0.497418011869686, 0.497418011869686"
345.1103,51.22,SynNeg 03/24,,,,,,,"C07266, C08557","0.783087824507767, 0.75"
631.1136,7.99,SynNeg 03/24,,,,,,,"C20357, C19971","0.75, 0.75"
115.0394,42.79,SynNeg 03/24,,,,,,,"C06255, C03273, C02233, C00141","0.0, 0.0, 0.0, 0.0"
351.0577,41.22,SynNeg 03/24,,,,,,,"C06118, C04733","0.75, 0.75"
471.1674,45.69,SynNeg 03/24,,,,,,,C18681,0.75
491.2349,12.94,SynNeg 03/24,,,,,,,C09070,0.75
675.2398,54.63,SynNeg 03/24,,,,,,,C12954,0.75
113.035,13.89,SynNeg 03/24,,,,,C02512,28.0,"C02512, C08311, C02777, C02565, C00429","0.75, 0.0, 0.0, 0.0, 0.0"
546.204,14.19,SynNeg 03/24,,,,,,,C17963,0.75
165.0401,14.25,SynNeg 03/24,,,,,,,"C01685, C00545, C05412, C05411, C00878, C00502, C16353, C16358, C16357","0.819539666993144, 0.819539666993144, 0.814152791380999, 0.814152791380999, 0.814152791380999, 0.814152791380999, 0.180739834190482, 0.0355952812412025, 0.0355952812412025"
424.8539,12.21,SynNeg 03/24,,,,,,,C19003,0.75
471.1811,14.58,SynNeg 03/24,,,,,,,C00664,0.75
182.045,39.59,SynNeg 03/24,,,,,C00847,47.0,"C04447, C12026, C11466, C00847, C04773","0.77132701421801, 0.704601120899584, 0.684377228106644, 0.668373740034875, 0.646965013118713"
445.1924,26.67,SynNeg 03/24,,,,,,,"C11133, C10894","0.75, 0.0"
158.0607,3.69,SynNeg 03/24,,,,,,,"C00637, C10663, C06345, C14789","0.946274298056155, 0.860893628509719, 0.803050755939525, 0.75"
611.1568,16.82,SynNeg 03/24,,,,,C00127,43.0,,
394.9946,12.3,SynNeg 03/24,,,,,,,C08076,0.75
747.2633,26.21,SynNeg 03/24,,,,,,,C00862,0.75
411.1665,16.59,SynNeg 03/24,,,,,,,C07006,0.75
113.0242,14.0,SynNeg 03/24,,,,,,,"C07091, C00596","0.75, 0.75"
250.0182,53.06,SynNeg 03/24,,,,,,,C11686,0.75
570.0615,19.3,SynNeg 03/24,,,,,,,"C03888, C20612","0.75, 0.563198242377949"
367.1073,14.47,SynNeg 03/24,,,,,,,C02572,0.75
481.1365,19.21,SynNeg 03/24,,,,,,,C09775,0.75
500.9255,11.44,SynNeg 03/24,,,,,,,C18143,0.0
133.0138,12.44,SynNeg 03/24,,,C00711,0.53,"C00149, C00497","100.0, 89.0","C00711, C00497, C00149, C03064","0.754329004329004, 0.754329004329004, 0.754329004329004, 0.75"
159.1021,2.6,SynNeg 03/24,,,,,,,"C03865, C03864, C16651, C16650, C16649, C20793, C17527","0.794540229885057, 0.794540229885057, 0.776580459770115, 0.776580459770115, 0.776580459770115, 0.75, 0.75"
479.0944,41.5,SynNeg 03/24,,,,,,,C17880,0.0
715.4878,2.34,SynNeg 03/24,,,,,,,C15861,0.0
116.051,1.94,SynNeg 03/24,,,,,,,"C16074, C00463","0.0, 0.0"
230.0649,46.04,SynNeg 03/24,,,,,,,"C05539, C05932","0.75, 0.0"
391.1304,13.72,SynNeg 03/24,,,,,,,C11173,0.75
549.0913,16.76,SynNeg 03/24,,,,,,,C12638,0.75
236.0245,16.47,SynNeg 03/24,,,,,,,C18929,0.75
332.1284,52.44,SynNeg 03/24,,,,,,,C11341,0.75
188.0932,16.69,SynNeg 03/24,,,,,,,"C06326, C10132, C10124, C02256","0.824986087924318, 0.75, 0.75, 0.75"
220.0616,52.94,SynNeg 03/24,,,,,,,C05657,0.75
340.0941,51.97,SynNeg 03/24,,,,,,,"C17248, C11567","0.0, 0.0"
165.0226,16.85,SynNeg 03/24,,,C06337,0.33,C16614,8.0,C16614,0.75
208.0621,49.7,SynNeg 03/24,,,,,,,"C16591, C05596, C03710","0.879736408566722, 0.534906574150426, 0.531199819619948"
358.1648,30.03,SynNeg 03/24,,,,,,,C18495,0.75
291.0997,52.8,SynNeg 03/24,,,,,,,C16806,0.75
391.131,12.34,SynNeg 03/24,,,,,,,C11173,0.75
190.0722,14.25,SynNeg 03/24,,,,,,,C16850,0.75
505.1865,51.49,SynNeg 03/24,,,,,,,C09829,0.75
174.056,43.1,SynNeg 03/24,,,,,,,"C11504, C06525, C06344, C06331, C05634, C03230, C02298, C01386, C00954","0.0, 0.0, 0.0, 0.0, 0.0, 0.0, 0.0, 0.0, 0.0"
255.1336,16.65,SynNeg 03/24,,,,,,,C20515,0.0
440.1379,47.72,SynNeg 03/24,,,,,C00504,52.0,"C00504, C07751","0.75, 0.010378541766571"
144.0294,16.66,SynNeg 03/24,,,,,,,"C05572, C00940","0.75, 0.75"
353.104,1.31,SynNeg 03/24,,,,,,,"C10627, C10882, C10498, C10207, C10486","0.814932177006893, 0.765621525461419, 0.761903782345247, 0.75, 0.468111459231389"
331.1332,51.57,SynNeg 03/24,,,,,,,C15387,0.75
508.9797,12.26,SynNeg 03/24,,,,,,,C13016,0.75
542.0971,18.26,SynNeg 03/24,,,,,,,"C12320, C12319, C04121","0.75, 0.75, 0.189149756697711"
254.9174,12.97,SynNeg 03/24,,,,,,,"C18748, C07971","0.0, 0.0"
351.1337,45.29,SynNeg 03/24,,,,,,,"C03292, C15424","0.776223051409619, 0.667893246515502"
565.0566,12.63,SynNeg 03/24,,,C00029,0.78,"C00052, C00029","44.0, 42.0",,
167.0343,36.23,SynNeg 03/24,,,C06672,0.31,,,"C16215, C14109, C11527, C10331, C07087, C06672, C06207, C05577, C05343, C03235, C03198, C01839, C01161, C00544","0.0, 0.0, 0.0, 0.0, 0.0, 0.0, 0.0, 0.0, 0.0, 0.0, 0.0, 0.0, 0.0, 0.0"
357.0119,53.33,SynNeg 03/24,,,,,,,C13678,0.0
173.1019,13.47,SynNeg 03/24,,,,,C00062,83.0,"C02385, C00792, C00062","0.75, 0.75, 0.75"
257.0554,43.07,SynNeg 03/24,,,,,,,"C07910, C03433, C03177","0.75, 0.251416954690356, 0.251416954690356"
458.9783,17.26,SynNeg 03/24,,,,,,,C18861,0.75
128.0345,50.95,SynNeg 03/24,,,,,,,"C04282, C04281, C02237, C01879, C01877","0.0, 0.0, 0.0, 0.0, 0.0"
258.0752,15.08,SynNeg 03/24,,,,,,,"C10740, C10701, C10716","0.754735344763046, 0.75, 0.74826359325235"
306.0501,16.53,SynNeg 03/24,,,,,,,C00239,0.75
553.2095,45.08,SynNeg 03/24,,,,,,,C17686,0.75
606.0815,12.6,SynNeg 03/24,,,,,,,"C01170, C00203, C00043","0.75, 0.75, 0.75"
301.0663,14.2,SynNeg 03/24,,,,,C01709,13.0,,
151.0401,52.78,SynNeg 03/24,,,"C00642, C05593, C05852, C01984","0.4, 0.44, 0.19, 0.55",,,"C17900, C14108, C14103, C14088, C13636, C13635, C12305, C12064, C10804, C10675, C05852, C05593, C04043, C03663, C02657, C02639, C02519, C02181, C01984, C01983, C00755, C00642","0.0, 0.0, 0.0, 0.0, 0.0, 0.0, 0.0, 0.0, 0.0, 0.0, 0.0, 0.0, 0.0, 0.0, 0.0, 0.0, 0.0, 0.0, 0.0, 0.0, 0.0, 0.0"
343.1648,16.55,SynNeg 03/24,,,,,,,C07805,0.75
413.068,19.35,SynNeg 03/24,,,,,,,C04712,0.75
276.1104,14.74,SynNeg 03/24,,,,,,,"C04424, C01449","0.795372064691345, 0.75"
289.0846,43.14,SynNeg 03/24,,,,,,,"C14213, C03414","0.75, 0.126139605250568"
191.0193,14.26,SynNeg 03/24,,,"C00158, C00451","0.61, 0.49","C00158, C00311","39.0, 31.0","C00158, C04575, C21091, C00679, C03921, C02780, C04617, C00451, C03600, C00311, C21095, C20896, C20890, C20889","0.83855935996795, 0.829075007676848, 0.82830626450116, 0.82830626450116, 0.821055684454756, 0.807170823665893, 0.806300754060325, 0.806300754060325, 0.797745069605568, 0.795424883990719, 0.753625290023202, 0.753625290023202, 0.75, 0.75"
450.1753,16.56,SynNeg 03/24,,,,,,,C06970,0.75
258.0384,12.94,SynNeg 03/24,,,,,C00352,100.0,"C12213, C06377, C06156, C03783, C01283, C00352, C12214","0.75, 0.75, 0.75, 0.75, 0.75, 0.75, 0.375161666451154"
555.2014,52.63,SynNeg 03/24,,,,,,,"C11667, C11666","0.75, 0.75"
322.9814,1.52,SynNeg 03/24,,,,,,,C20831,0.75
293.1004,13.55,SynNeg 03/24,,,,,,,C03411,0.826785202179524
265.0514,14.52,SynNeg 03/24,,,,,,,"C18252, C08506","0.75, 0.476906185447468"
202.1093,52.18,SynNeg 03/24,,,,,,,"C08435, C04083","0.0, 0.0"
463.0476,44.96,SynNeg 03/24,,,,,,,C08422,0.75
267.0739,43.02,SynNeg 03/24,,,,,C00294,13.0,"C00294, C16603, C12117, C20934, C19792, C11544","0.823258404212232, 0.784376265694613, 0.75, 0.0, 0.0, 0.0"
503.228,12.35,SynNeg 03/24,,,,,,,C15628,0.0
515.1763,14.37,SynNeg 03/24,,,,,,,C10721,0.75
113.0249,50.62,SynNeg 03/24,,,,,,,"C07091, C00596","0.75, 0.75"
314.1019,16.68,SynNeg 03/24,,,,,,,C08528,0.75
393.1324,12.66,SynNeg 03/24,,,,,,,"C10417, C07593, C10076","0.802861952861953, 0.802861952861953, 0.75"
333.0569,52.9,SynNeg 03/24,,,,,,,"C10517, C04703, C04641, C09770, C18347, C01225","0.75, 0.75, 0.75, 0.224310432062481, 0.129043805339893, 0.0901571040110789"
473.1981,1.38,SynNeg 03/24,,,,,,,C07259,0.75
266.0883,14.09,SynNeg 03/24,,,,,C07210,25.0,"C00330, C08507, C00212, C07210, C06469","0.75, 0.579911862866028, 0.525833081855576, 0.390572975637666, 0.15769039660654"
291.0999,44.27,SynNeg 03/24,,,,,,,C16806,0.75
190.0514,52.57,SynNeg 03/24,,,,,C05635,46.0,"C05635, C06725, C16596","0.928979591836735, 0.772857142857143, 0.75"
453.0983,53.38,SynNeg 03/24,,,,,,,C12394,0.75
231.0278,14.21,SynNeg 03/24,,,,,,,"C19674, C03509, C02951, C02895, C01068","0.0, 0.0, 0.0, 0.0, 0.0"
408.149,16.52,SynNeg 03/24,,,,,,,C08333,0.75
173.009,17.27,SynNeg 03/24,,,,,,,"C06747, C05422, C02341, C00417","0.0, 0.0, 0.0, 0.0"
295.1523,12.33,SynNeg 03/24,,,,,,,C09674,0.75
185.1185,6.51,SynNeg 03/24,,,,,,,"C02217, C11417, C11404, C20714, C11420, C11406, C17620, C13945","0.903114186851211, 0.877162629757785, 0.877162629757785, 0.852941176470588, 0.820645905420992, 0.820645905420992, 0.75, 0.143199444799719"
404.0604,52.4,SynNeg 03/24,,,,,,,C18459,0.75
338.1362,47.01,SynNeg 03/24,,,,,,,"C10666, C17426, C09426, C19985, C17898, C11818, C03329, C06533","0.803338083323077, 0.770070936875997, 0.757875550055268, 0.75, 0.728056046820235, 0.545488971955758, 0.545488971955758, 0.342261748617562"
247.0943,16.49,SynNeg 03/24,,,,,,,"C16788, C20426, C12456","0.75, 0.0, 0.0"
373.1177,43.46,SynNeg 03/24,,,,,,,"C09800, C01957, C16963, C11673, C18591, C11564","0.861979166666667, 0.857319078947368, 0.841145833333333, 0.841145833333333, 0.805369778924203, 0.75"
293.1763,8.5,SynNeg 03/24,,,,,,,"C09709, C10462, C10342","0.803540419465667, 0.75, 0.749419880908809"
222.0773,49.84,SynNeg 03/24,,,,,,,"C18953, C14433","0.783300524934383, 0.745821871552379"
372.975,20.53,SynNeg 03/24,,,,,,,C19029,0.75
349.0776,42.44,SynNeg 03/24,,,,,,,C14731,0.0
475.0116,13.16,SynNeg 03/24,,,,,,,C08098,0.75
563.0382,12.38,SynNeg 03/24,,,,,,,C12210,0.75
451.1337,43.24,SynNeg 03/24,,,,,,,"C12404, C18683, C19432","0.764728607301526, 0.756885592146038, 0.294065907338977"
337.0645,14.3,SynNeg 03/24,,,,,,,C15599,0.75
642.7055,12.68,SynNeg 03/24,,,,,,,C19416,0.75
190.0506,54.5,SynNeg 03/24,,,,,C05635,75.0,"C05635, C16596, C06725","0.805648591274376, 0.804882221989364, 0.75"
564.078,18.17,SynNeg 03/24,,,,,,,C11583,0.75
538.1121,49.13,SynNeg 03/24,,,,,,,C07221,0.75
191.0204,17.48,SynNeg 03/24,,,"C00158, C00451","0.6, 0.49",C00311,99.0,"C04575, C21091, C00679, C03921, C20890, C20889, C02780, C21095, C20896, C04617, C00451, C03600, C00311, C00158","0.80826157791637, 0.804781011969532, 0.804781011969532, 0.801380576713819, 0.767490359200375, 0.767490359200375, 0.756290805223069, 0.75, 0.75, 0.404484379925071, 0.404484379925071, 0.398448607346181, 0.396272328782524, 0.372277891323284"
279.0788,12.29,SynNeg 03/24,,,,,,,"C20283, C20282, C16996","0.0, 0.0, 0.0"
176.0392,49.51,SynNeg 03/24,,,,,C03145,94.0,C03145,0.75
203.014,19.99,SynNeg 03/24,,,,,,,C11164,0.75
361.1274,38.84,SynNeg 03/24,,,,,,,"C11870, C09583","0.792917448405253, 0.75"
283.07,41.21,SynNeg 03/24,,,,,,,C01762,0.75
352.0672,16.71,SynNeg 03/24,,,,,,,C01304,0.75
243.0812,52.58,SynNeg 03/24,,,,,C00120,2.0,"C00120, C20818","0.785648319172516, 0.75"
265.0846,49.28,SynNeg 03/24,,,,,,,"C19038, C14474","0.765561752034866, 0.75"
259.0221,12.87,SynNeg 03/24,,,C00103,0.55,,,"C05001, C03606, C03735, C02965, C02962, C01172, C01113, C00668, C00275, C00092, C18096, C05345, C01097, C00085, C06312, C03811, C03251, C06019, C01094, C03654, C02888, C06155, C04006, C03546, C01177, C03267, C15926, C15924, C03384, C01171, C01002, C00663, C00636, C00446, C00103, C18984, C10088, C10056, C10086","0.876083754208754, 0.873672751470219, 0.824170988716788, 0.824170988716788, 0.824170988716788, 0.824170988716788, 0.824170988716788, 0.824170988716788, 0.824170988716788, 0.824170988716788, 0.797054598772866, 0.797054598772866, 0.797054598772866, 0.797054598772866, 0.796791551634819, 0.753821079559263, 0.595862745035585, 0.581376964458792, 0.560814236190488, 0.558078510755071, 0.558078510755071, 0.546571563410433, 0.546571563410433, 0.546571563410433, 0.546571563410433, 0.526823492490097, 0.526646074934242, 0.526646074934242, 0.51378983903074, 0.51378983903074, 0.51378983903074, 0.51378983903074, 0.51378983903074, 0.51378983903074, 0.51378983903074, 0.442066393294054, 0.311217519575238, 0.19887776040504, 0.19250735192307"
187.0415,20.86,SynNeg 03/24,,,,,,,"C10398, C10387, C03203, C16212","0.879758987391148, 0.86572609500645, 0.808213375812441, 0.75"
128.0505,50.06,SynNeg 03/24,,,,,,,"C06413, C06323","0.0, 0.0"
350.0681,47.36,SynNeg 03/24,,,,,,,"C18295, C08559","0.75, 0.0884538603608201"
131.0348,50.95,SynNeg 03/24,,,,,,,"C11838, C07581, C06010, C04181, C04106, C03589, C02674, C00900, C00489","0.0, 0.0, 0.0, 0.0, 0.0, 0.0, 0.0, 0.0, 0.0"
325.0544,17.88,SynNeg 03/24,,,,,,,C02750,0.75
396.9927,13.25,SynNeg 03/24,,,,,,,C08001,0.0
171.1016,2.32,SynNeg 03/24,,,,,,,C16322,0.0
361.1157,50.06,SynNeg 03/24,,,,,,,"C09773, C09768","0.75, 0.561465120561155"
381.1325,39.49,SynNeg 03/24,,,,,,,C08359,0.75
323.1059,49.61,SynNeg 03/24,,,,,,,"C13820, C13778, C20517, C06806","0.75, 0.75, 0.671739444103117, 0.0707883554338359"
367.0162,16.65,SynNeg 03/24,,,,,,,"C01103, C18729","0.75, 0.0"
346.0732,43.78,SynNeg 03/24,,,,,,,C12222,0.75
423.1669,16.64,SynNeg 03/24,,,,,C01674,12.0,"C01674, C06914, C10463","0.760892502482622, 0.323426181847777, 0.216266396366186"
201.1129,4.92,SynNeg 03/24,,,C08277,0.81,,,C08277,0.75
417.16,14.09,SynNeg 03/24,,,,,C07267,3.0,"C09493, C09435, C10889","0.75, 0.69622393589609, 0.657754137938072"
445.2186,28.91,SynNeg 03/24,,,,,,,"C08765, C13814, C13813, C13812, C13810, C09468","0.75, 0.0, 0.0, 0.0, 0.0, 0.0"
211.0757,12.68,SynNeg 03/24,,,,,,,"C20228, C20227, C16205, C16203, C14233, C12537, C11428, C04468, C01745, C01408","0.0, 0.0, 0.0, 0.0, 0.0, 0.0, 0.0, 0.0, 0.0, 0.0"
416.0222,50.1,SynNeg 03/24,,,,,,,C11038,0.75
337.1192,53.89,SynNeg 03/24,,,,,,,C09326,0.75
445.1933,29.54,SynNeg 03/24,,,,,,,"C11133, C10894","0.75, 0.0368758751192299"
419.1252,43.45,SynNeg 03/24,,,,,,,"C14918, C11674","0.828162444368367, 0.671115886177953"
203.0833,48.06,SynNeg 03/24,,,,,"C00525, C00078","100.0, 85.0","C00806, C00525, C00078, C14916, C07839, C10743","0.807962529274005, 0.807962529274005, 0.799397791903647, 0.720285264380913, 0.712096239100892, 0.508146085639798"
527.1761,16.46,SynNeg 03/24,,,,,,,C11647,0.75
459.2512,1.99,SynNeg 03/24,,,,,,,C08719,0.75
116.0346,17.02,SynNeg 03/24,,,,,,,"C20250, C03508, C03214, C00441","0.0, 0.0, 0.0, 0.0"
349.145,49.82,SynNeg 03/24,,,,,,,C18602,0.75
313.0579,45.33,SynNeg 03/24,,,,,,,"C20664, C18052, C18051, C11185, C07590, C06939, C05308, C03190, C02569, C00341","0.0, 0.0, 0.0, 0.0, 0.0, 0.0, 0.0, 0.0, 0.0, 0.0"
606.1872,44.54,SynNeg 03/24,,,,,,,"C03368, C19850","0.75, 0.727634267541172"
580.1936,16.2,SynNeg 03/24,,,,,,,C15631,0.75
357.0519,13.27,SynNeg 03/24,,,,,,,C11718,0.75
459.2013,44.97,SynNeg 03/24,,,,,,,"C20206, C15429, C10704, C10672","0.752026784263272, 0.75, 0.739424828813276, 0.71341429683368"
293.1154,51.68,SynNeg 03/24,,,,,C11045,8.0,"C11045, C15049","0.75, 0.409939079652161"
448.0314,1.18,SynNeg 03/24,,,,,,,C08106,0.75
390.9908,19.33,SynNeg 03/24,,,,,,,C08193,0.0
187.0973,3.16,SynNeg 03/24,,,C08261,0.62,,,"C08261, C17878","0.75, 0.0"
383.1258,25.63,SynNeg 03/24,,,,,,,C08504,0.75
462.122,43.31,SynNeg 03/24,,,,,,,C12141,0.75
219.0783,38.04,SynNeg 03/24,,,,,,,"C19716, C00643, C01017, C09985","0.75, 0.326974185968906, 0.286402223987625, 0.148436550575837"
259.1309,50.96,SynNeg 03/24,,,,,,,"C18135, C09695, C17744","0.758029489555623, 0.75, 0.172107436427654"
192.0325,16.7,SynNeg 03/24,,,,,,,"C12468, C15566, C01693, C04185","0.75, 0.417860079919146, 0.417860079919146, 0.141256772734119"
411.1123,52.26,SynNeg 03/24,,,,,,,"C18516, C12424, C10875, C20046","0.81641594292804, 0.697366529908945, 0.689572362471307, 0.679975581912667"
203.0926,52.91,SynNeg 03/24,,,,,,,"C04587, C04586, C06385","0.75, 0.75, 0.491854835302114"
172.9909,17.22,SynNeg 03/24,,,,,C12849,100.0,"C12849, C02180, C00850","0.797738693467337, 0.75, 0.75"
312.1251,6.55,SynNeg 03/24,,,,,,,"C16984, C02717, C11017","0.75, 0.0586244830389708, 0.0298670383632517"
429.1574,16.64,SynNeg 03/24,,,,,,,C10884,0.75
280.1056,14.26,SynNeg 03/24,,,,,,,"C02494, C05031","0.810038680849645, 0.585921373900369"
440.1378,49.23,SynNeg 03/24,,,,,C00504,76.0,"C00504, C07751","0.75, 0.0146981568621054"
382.0607,53.09,SynNeg 03/24,,,,,,,C07760,0.75
160.0614,21.87,SynNeg 03/24,,,,,,,"C06234, C03210, C02207, C01077, C00956, C01046, C19694, C05016, C17581","0.827004398297894, 0.772990313790852, 0.75, 0.723260670494326, 0.671781797254889, 0.634669121198551, 0.633964895846438, 0.626922642325312, 0.098467325573977"
150.0554,16.8,SynNeg 03/24,,,,,C03005,100.0,"C06804, C04353, C04350, C02709, C07301, C18623, C20634, C17756, C17755, C16571, C03522, C03005","0.921146157263439, 0.851843625055531, 0.851843625055531, 0.832518880497557, 0.75, 0.501279332172171, 0.2452777535675, 0.219400365739868, 0.198965003678562, 0.125775310208993, 0.125775310208993, 0.125775310208993"
268.0328,42.61,SynNeg 03/24,,,,,,,C19094,0.75
567.2255,44.82,SynNeg 03/24,,,,,,,C17812,0.75
385.0003,12.67,SynNeg 03/24,,,,,,,C18777,0.75
165.0189,35.71,SynNeg 03/24,,,C06337,0.33,,,"C03590, C14100, C14096, C06337, C01606","0.783504361210877, 0.752565418163161, 0.75, 0.496054291125578, 0.483663321397513"
103.0548,1.28,SynNeg 03/24,,,,,,,C07083,0.0
493.1307,17.1,SynNeg 03/24,,,,,,,C03709,0.75
430.0552,18.88,SynNeg 03/24,,,,,,,C10952,0.75
251.0721,14.39,SynNeg 03/24,,,,,,,"C15616, C20872, C15111, C03074","0.77909180814241, 0.75, 0.71648842897422, 0.69942958562276"
297.0488,13.42,SynNeg 03/24,,,,,,,"C18757, C11030","0.75, 0.731842845518479"
202.1088,24.8,SynNeg 03/24,,,,,,,"C08435, C04083","0.0, 0.0"
237.0903,49.43,SynNeg 03/24,,,,,,,C07501,0.75
181.0511,53.63,SynNeg 03/24,,,C05582,0.43,C03672,34.0,"C20953, C21085, C03964, C03672, C12622, C05582, C10447, C04044","0.768882270941579, 0.75, 0.410961841089973, 0.410961841089973, 0.347421077733858, 0.328665533442893, 0.307628909440866, 0.280255952908107"
429.1029,16.25,SynNeg 03/24,,,,,,,C10915,0.75
313.0576,42.03,SynNeg 03/24,,,,,,,"C06939, C07590, C18052, C05308","0.75, 0.133338403695912, 0.0, 0.0"
351.1341,43.9,SynNeg 03/24,,,,,,,"C03292, C15424","0.75, 0.511911985309478"
289.1196,52.35,SynNeg 03/24,,,,,,,"C03406, C19607, C19490","0.91029792746114, 0.38123503113826, 0.37718710367712"
265.0836,41.5,SynNeg 03/24,,,,,,,"C14474, C19038","0.752796989422295, 0.462398951889407"
515.1169,16.48,SynNeg 03/24,,,,,,,"C16222, C08175, C10468, C10445","0.781988789818343, 0.625011622080648, 0.599381830326243, 0.388309061738335"
358.9472,11.51,SynNeg 03/24,,,,,,,C18970,0.75
307.0947,53.11,SynNeg 03/24,,,,,,,"C20129, C01541, C08549, C17743","0.75, 0.75, 0.344140279362815, 0.330483133812984"
189.0765,53.41,SynNeg 03/24,,,,,,,C04546,0.75
220.062,47.6,SynNeg 03/24,,,,,,,C05657,0.75
281.055,16.6,SynNeg 03/24,,,,,,,"C11631, C14265, C13698","0.767700296015917, 0.548947901043689, 0.404650337982174"
371.0961,50.1,SynNeg 03/24,,,,,,,C09956,0.75
115.0034,36.58,SynNeg 03/24,,,"C00122, C01384","0.4, 0.4",,,"C02150, C01384, C00122","0.0, 0.0, 0.0"
305.0187,16.71,SynNeg 03/24,,,,,,,C02355,0.75
347.0411,16.66,SynNeg 03/24,,,,,,,"C00130, C19791, C11516, C16699","0.75, 0.0325741329829185, 0.0325741329829185, 0.0102345607472733"
241.012,12.9,SynNeg 03/24,,,,,,,"C16848, C04299","0.829487179487179, 0.46468976497387"
319.119,1.17,SynNeg 03/24,,,,,,,"C06979, C09298, C20380, C06079, C09373, C15500, C15502","0.826820307281229, 0.662489017582561, 0.639375783458845, 0.632671913264829, 0.595956504638088, 0.0366386339721878, 0.0290857169954142"
436.1621,16.72,SynNeg 03/24,,,,,,,C07010,0.75
448.0249,49.22,SynNeg 03/24,,,,,,,C08106,0.75
390.124,12.3,SynNeg 03/24,,,,,,,C10686,0.75
423.0986,48.35,SynNeg 03/24,,,,,,,C18438,0.75
146.0453,17.05,SynNeg 03/24,,,,,C12269,48.0,"C05938, C00979, C03790, C00302, C00217, C00025, C12269, C03618, C05941, C05574","0.75, 0.627979309782374, 0.596780822436306, 0.587399459108467, 0.587399459108467, 0.587399459108467, 0.502560018580554, 0.485215765955577, 0.330904675886856, 0.25151579441806"
311.1691,6.33,SynNeg 03/24,,,,,,,"C09120, C10436, C20211, C09524","0.75, 0.152622322029324, 0.107228270381639, 0.104946400017935"
237.0915,26.37,SynNeg 03/24,,,,,,,C07501,0.75
458.157,14.25,SynNeg 03/24,,,,,,,C10286,0.75
185.0569,16.84,SynNeg 03/24,,,,,,,C13672,0.75
367.0839,40.32,SynNeg 03/24,,,,,,,"C12401, C20574","0.751012965964344, 0.75"
515.1676,43.72,SynNeg 03/24,,,,,,,C10721,0.75
293.0784,48.52,SynNeg 03/24,,,,,,,C10055,0.75
366.0818,38.61,SynNeg 03/24,,,,,,,C08109,0.75
157.0768,37.78,SynNeg 03/24,,,,,,,"C19463, C10161","0.0, 0.0"
111.0082,12.5,SynNeg 03/24,,,C01546,0.31,,,C01546,0.0
198.0746,25.69,SynNeg 03/24,,,,,,,C20941,0.75
675.2497,43.13,SynNeg 03/24,,,,,,,C12954,0.75
263.0975,13.85,SynNeg 03/24,,,,,,,C17967,0.75
401.0487,12.98,SynNeg 03/24,,,,,,,C18556,0.75
180.9894,54.54,SynNeg 03/24,,,,,,,C17941,0.75
382.0616,49.67,SynNeg 03/24,,,,,,,C07760,0.75
479.1201,12.31,SynNeg 03/24,,,,,,,C08111,0.75
356.0683,47.41,SynNeg 03/24,,,,,,,C01926,0.75
360.0654,12.94,SynNeg 03/24,,,,,,,C11024,0.75
179.0562,14.03,SynNeg 03/24,,,,,"C00795, C17207, C00095, C00247, C15923, C01582, C00159, C00267, C07130","100.0, 100.0, 100.0, 100.0, 55.0, 41.0, 5.0, 5.0, 0.0","C10906, C01582, C01452, C02782, C19891, C06151, C21066, C06153, C06152, C00137, C21032, C21050, C15923, C06467, C06466, C06465, C06464, C02209, C01825, C01487, C00984, C00962, C00936, C00738, C00737, C00267, C00221, C00159, C00124, C00031, C05003, C08356, C06468, C00795, C00764, C00247, C01719, C02336, C00095, C08351, C01906, C01934, C01720, C01680","0.894540412850194, 0.894540412850194, 0.894540412850194, 0.894512944884549, 0.885187871941327, 0.885187871941327, 0.850756756756757, 0.848864737174518, 0.848864737174518, 0.848864737174518, 0.842378378378378, 0.842216216216216, 0.842216216216216, 0.842216216216216, 0.842216216216216, 0.842216216216216, 0.842216216216216, 0.842216216216216, 0.842216216216216, 0.842216216216216, 0.842216216216216, 0.842216216216216, 0.842216216216216, 0.842216216216216, 0.842216216216216, 0.842216216216216, 0.842216216216216, 0.842216216216216, 0.842216216216216, 0.842216216216216, 0.836324324324324, 0.836162162162162, 0.836162162162162, 0.836162162162162, 0.836162162162162, 0.836162162162162, 0.835837837837838, 0.835675675675676, 0.835675675675676, 0.826582201871398, 0.826582201871398, 0.728552915681991, 0.728552915681991, 0.728552915681991"
160.0399,1.89,SynNeg 03/24,,,,,C19837,70.0,"C16716, C11503","0.75127566156402, 0.75"
117.0203,31.1,SynNeg 03/24,,,"C02170, C00042","0.31, 0.4",,,"C10900, C02170, C00042","0.0, 0.0, 0.0"
401.1231,12.34,SynNeg 03/24,,,,,,,"C09262, C04007","0.845096090125911, 0.72809727391044"
382.1023,47.05,SynNeg 03/24,,,,,,,"C10565, C13109","0.75, 0.513135161319906"
644.2187,43.44,SynNeg 03/24,,,,,,,C20164,0.75
285.9852,54.63,SynNeg 03/24,,,,,,,C21069,0.75
128.0355,20.85,SynNeg 03/24,,,,,,,"C04282, C04281, C02237, C01879, C01877","0.0, 0.0, 0.0, 0.0, 0.0"
325.0522,43.37,SynNeg 03/24,,,,,,,C02750,0.75
455.1413,16.84,SynNeg 03/24,,,,,,,C10886,0.75
283.007,16.81,SynNeg 03/24,,,,,,,C11122,0.75
457.2385,10.95,SynNeg 03/24,,,,,,,C06832,0.75
522.1982,16.73,SynNeg 03/24,,,,,,,"C07307, C07304","0.75, 0.75"
310.1162,44.41,SynNeg 03/24,,,,,,,C05076,0.75
305.0245,2.84,SynNeg 03/24,,,,,,,C06673,0.75
277.0955,51.28,SynNeg 03/24,,,,,,,"C08561, C20577","0.75, 0.683819739413481"
225.0772,53.48,SynNeg 03/24,,,,,C09780,23.0,C09780,0.75
281.1019,54.3,SynNeg 03/24,,,,,,,C20287,0.75
338.0503,17.02,SynNeg 03/24,,,,,,,"C04908, C17267","0.75, 0.374244177390697"
362.0544,16.58,SynNeg 03/24,,,,,C00144,9.0,"C06193, C00144, C18239, C19968, C18731","0.782904640356044, 0.775787027946855, 0.750965377315269, 0.75, 0.374666282838535"
190.0513,41.68,SynNeg 03/24,,,,,C05635,44.0,"C05635, C16596, C06725","0.751654301183076, 0.651180723611513, 0.584877790193552"
89.0254,20.11,SynNeg 03/24,,,"C00186, C00256","0.42, 0.38",,,"C01013, C02426, C02154, C00577, C00184, C01432, C00256, C00186","0.799399699849925, 0.786908299580707, 0.786908299580707, 0.786908299580707, 0.73900935010597, 0.341324480026572, 0.341324480026572, 0.341324480026572"
96.9605,12.6,SynNeg 03/24,,,,,,,C00059,0.75
335.0398,46.39,SynNeg 03/24,,,,,,,"C01185, C19090, C07933","0.75, 0.543848241514745, 0.0"
449.1705,44.04,SynNeg 03/24,,,,,,,C13679,0.75
156.9955,11.18,SynNeg 03/24,,,,,,,C20360,0.75
350.0229,5.58,SynNeg 03/24,,,,,,,C08169,0.75
322.1517,12.82,SynNeg 03/24,,,,,,,C20910,0.75
256.0592,14.36,SynNeg 03/24,,,,,,,"C04207, C14428, C11087","0.75, 0.0, 0.0"
229.1446,8.0,SynNeg 03/24,,,C02678,0.84,,,"C19143, C14523, C02678","0.0, 0.0, 0.0"
495.2308,12.85,SynNeg 03/24,,,,,,,"C03009, C08760","0.888730998503705, 0.75"
423.2317,10.03,SynNeg 03/24,,,,,,,C15173,0.75
102.0556,14.17,SynNeg 03/24,,,,,,,"C19514, C11735, C11109, C05145, C03665, C03284, C02721, C02356, C02261, C01205, C01026, C00334","0.0, 0.0, 0.0, 0.0, 0.0, 0.0, 0.0, 0.0, 0.0, 0.0, 0.0, 0.0"
111.0195,16.93,SynNeg 03/24,,,,,,,"C00106, C18474","0.757377547916033, 0.75"
537.098,16.49,SynNeg 03/24,,,,,,,C08745,0.75
401.1165,48.39,SynNeg 03/24,,,,,,,C12311,0.75
407.1253,49.93,SynNeg 03/24,,,,,,,C18562,0.805733292707699
327.0198,12.31,SynNeg 03/24,,,,,,,C11064,0.75
217.0153,50.8,SynNeg 03/24,,,,,,,C14569,0.75
565.1425,14.29,SynNeg 03/24,,,,,,,"C18212, C13725","0.75, 0.0"
186.1127,3.78,SynNeg 03/24,,,,,,,"C12029, C01092","0.0, 0.0"
154.0618,12.73,SynNeg 03/24,,,,,C00135,100.0,"C00768, C00135, C06419, C01162","0.763881067687803, 0.763881067687803, 0.758249802905733, 0.75"
163.0402,50.13,SynNeg 03/24,,,C12621,0.31,,,"C10945, C12621, C05838, C01772, C00811, C06738, C07114, C02763, C00166","0.767539089055065, 0.753399048266485, 0.753399048266485, 0.753399048266485, 0.753399048266485, 0.75, 0.652949883180204, 0.638750535704629, 0.638750535704629"
313.1654,2.09,SynNeg 03/24,,,,,,,"C17567, C16991","0.75, 0.75"
355.0084,13.51,SynNeg 03/24,,,,,,,C19020,0.75
545.1691,13.86,SynNeg 03/24,,,,,,,"C04194, C20572","0.752365930599369, 0.75"
128.051,51.08,SynNeg 03/24,,,,,,,"C06413, C06323","0.0, 0.0"
384.1477,14.16,SynNeg 03/24,,,,,,,"C09610, C19981","0.882623219999249, 0.75"
513.0692,50.14,SynNeg 03/24,,,,,,,C18032,0.75
512.2258,28.59,SynNeg 03/24,,,,,,,C07032,0.75
337.0738,16.49,SynNeg 03/24,,,,,,,"C03686, C12402, C10942, C18339, C19979","0.75, 0.61420260365668, 0.480781585177122, 0.390313360230821, 0.105555067941639"
225.0619,14.06,SynNeg 03/24,,,,,,,C16365,0.75
545.2212,14.17,SynNeg 03/24,,,,,,,C12099,0.75
397.1271,50.71,SynNeg 03/24,,,,,,,"C00019, C10556","0.75, 0.128582272389261"
261.0895,54.15,SynNeg 03/24,,,,,,,C18260,0.75
299.0231,12.28,SynNeg 03/24,,,,,,,C10394,0.0
775.2542,48.49,SynNeg 03/24,,,,,,,C01217,0.75
564.2026,43.95,SynNeg 03/24,,,,,,,C09464,0.75
501.118,48.35,SynNeg 03/24,,,,,,,"C18790, C10989","0.75, 0.75"
380.9884,16.35,SynNeg 03/24,,,,,,,C00616,0.75
353.181,12.38,SynNeg 03/24,,,,,,,"C09970, C15030","0.75, 0.608500288657771"
327.0483,51.68,SynNeg 03/24,,,,,,,"C16755, C19595, C19586, C19585, C16756, C10198","0.75, 0.722210147777408, 0.722210147777408, 0.56660403211871, 0.557322790053783, 0.0813671456024985"
351.0836,47.67,SynNeg 03/24,,,,,,,C10880,0.75
195.0507,14.3,SynNeg 03/24,,,,,C00257,100.0,"C15930, C00880, C00817, C00800, C00770, C00514, C00257, C03215, C16360, C16356","0.81307138688971, 0.81307138688971, 0.81307138688971, 0.81307138688971, 0.81307138688971, 0.81307138688971, 0.81307138688971, 0.779225831550282, 0.066937979693073, 0.0605676237311979"
405.1228,12.38,SynNeg 03/24,,,,,,,C10835,0.75
278.1403,6.7,SynNeg 03/24,,,,,,,"C18626, C10947","0.0, 0.0"
445.2391,13.95,SynNeg 03/24,,,,,,,C11602,0.75
357.0517,14.28,SynNeg 03/24,,,,,,,C11718,0.75
218.0461,43.14,SynNeg 03/24,,,,,,,"C05830, C05646","0.75, 0.455417173521986"
288.0371,52.05,SynNeg 03/24,,,,,,,"C14965, C14927","0.75, 0.75"
188.0444,20.97,SynNeg 03/24,,,,,,,C07641,0.75
530.1965,51.47,SynNeg 03/24,,,,,,,C08440,0.75
189.0766,1.19,SynNeg 03/24,,,,,,,C04546,0.75
372.072,53.61,SynNeg 03/24,,,,,,,"C21027, C19770, C16698, C15551","0.764032743067157, 0.764032743067157, 0.764032743067157, 0.691870170802757"
378.1671,14.02,SynNeg 03/24,,,,,,,"C19529, C10645, C12341, C12338, C12339","0.845941317680463, 0.834255193146149, 0.790312412440459, 0.768723559696829, 0.75"
597.1767,46.6,SynNeg 03/24,,,,,,,C11639,0.75
432.1078,13.91,SynNeg 03/24,,,,,,,C12137,0.75
449.1408,17.99,SynNeg 03/24,,,,,,,C09478,0.75
421.1411,52.04,SynNeg 03/24,,,,,,,"C11644, C11660","0.791053850344316, 0.75"
282.053,3.3,SynNeg 03/24,,,,,,,C18801,0.75
164.0346,2.89,SynNeg 03/24,,,,,C05653,42.0,"C15769, C00971, C06052, C05653, C02803, C03757","0.825160923892465, 0.799129117758425, 0.774138583869746, 0.75, 0.170554048848183, 0.0"
303.083,38.8,SynNeg 03/24,,,,,"C12270, C12270","21.0, 20.0","C12270, C18354, C19013, C18360, C18356, C18836, C08761, C08740","0.937704248366013, 0.928921568627451, 0.840073529411765, 0.834967320261438, 0.834967320261438, 0.75, 0.75, 0.75"
158.9779,11.31,SynNeg 03/24,,,,,,,"C19165, C18300","0.0, 0.0"
371.2262,8.25,SynNeg 03/24,,,,,,,"C14635, C15333, C14554","0.792103142626914, 0.778203062046737, 0.75"
245.1153,42.44,SynNeg 03/24,,,,,,,"C20424, C19972, C17085, C17912, C09606, C09476, C17490, C09601, C09394, C09287, C09605, C09300, C09545, C02206, C09292","0.879010551248923, 0.879010551248923, 0.753119772921102, 0.752796775505082, 0.745798498157967, 0.727387645444789, 0.726640357677819, 0.724164044154993, 0.718054009701936, 0.718054009701936, 0.707583510132599, 0.700585232785484, 0.696843846049912, 0.696843846049912, 0.678836740106759"
271.0708,49.3,SynNeg 03/24,,,,,,,C14589,0.75
399.0998,25.96,SynNeg 03/24,,,,,,,C03725,0.75
271.0193,7.49,SynNeg 03/24,,,,,,,"C17693, C17692","0.75, 0.75"
331.0867,50.57,SynNeg 03/24,,,,,,,"C00495, C06162, C11023, C11022","0.87928804110015, 0.75, 0.0681091005977127, 0.0681091005977127"
521.1706,45.05,SynNeg 03/24,,,,,,,C09501,0.75
402.8068,12.64,SynNeg 03/24,,,,,,,C11090,0.75
323.1422,48.62,SynNeg 03/24,,,,,C19494,11.0,"C20353, C17981, C19494, C07866","0.75, 0.683266975134995, 0.651886528875293, 0.473761585806635"
345.1373,29.45,SynNeg 03/24,,,,,,,"C09174, C09104, C09190, C09062, C11869, C11855, C01699, C09385, C09547, C11856","0.776113634103087, 0.776113634103087, 0.75, 0.703574840631835, 0.155710256571644, 0.0776430393874216, 0.0728447876032467, 0.0599807017250839, 0.057123558867941, 0.02608459782898"
363.0193,16.6,SynNeg 03/24,,,,,,,"C04646, C03601","0.75, 0.741366557438895"
307.0956,49.75,SynNeg 03/24,,,,,,,"C08549, C20129, C01541, C17743","0.75, 0.632577619102067, 0.632577619102067, 0.0491717983378464"
354.045,16.53,SynNeg 03/24,,,,,,,C18730,0.75
378.0878,18.91,SynNeg 03/24,,,,,,,C20018,0.0
634.1432,47.32,SynNeg 03/24,,,,,,,C11278,0.75
335.0387,42.1,SynNeg 03/24,,,,,,,"C19090, C07933, C01185","0.841754525561965, 0.706792569127332, 0.362503531025329"
296.136,16.75,SynNeg 03/24,,,,,,,C11484,0.75
301.108,16.55,SynNeg 03/24,,,,,,,"C18425, C11259, C11179, C15486, C10507, C10495, C09807","0.826938775510204, 0.75, 0.622664986012314, 0.0, 0.0, 0.0, 0.0"
421.2297,7.62,SynNeg 03/24,,,,,,,C07874,0.75
449.111,50.7,SynNeg 03/24,,,,,,,"C17449, C09803, C17675, C16408","0.75, 0.75, 0.740976861502562, 0.724854773699077"
313.0618,48.97,SynNeg 03/24,,,,,C06939,6.0,"C05308, C02569, C00341, C20664, C03190, C06939, C18052","0.893368854028526, 0.813899681832928, 0.813899681832928, 0.777407031047322, 0.777407031047322, 0.75, 0.0"
285.9851,47.1,SynNeg 03/24,,,,,,,C21069,0.75
219.0777,44.9,SynNeg 03/24,,,,,,,"C00643, C01017, C19716, C09985","0.757295346336968, 0.756469820304101, 0.697152575058061, 0.569219604002323"
474.0527,13.63,SynNeg 03/24,,,,,,,"C13142, C14010","0.75457566271654, 0.75"
433.1096,50.65,SynNeg 03/24,,,,,,,"C18376, C16406, C16492, C09099, C16407","0.75, 0.687475602837394, 0.68517807268231, 0.68517807268231, 0.375450475613719"
257.0786,41.28,SynNeg 03/24,,,,,,,"C16744, C05131, C09980, C09618, C08465, C16929, C09283, C13633, C09273, C10268, C10352, C14115","0.858917106642642, 0.75, 0.433466552019364, 0.142010095722912, 0.124616054598279, 0.106844338274318, 0.0940873093192192, 0.0920730415894668, 0.087960578307889, 0.0820856307627778, 0.0535501712579519, 0.0343307092170928"
603.244,48.35,SynNeg 03/24,,,,,,,C20137,0.75
396.1167,49.6,SynNeg 03/24,,,,,,,C16910,0.75
353.0498,16.61,SynNeg 03/24,,,,,,,"C12600, C01268, C02927","0.75, 0.0908879898257562, 0.0108028659764178"
188.0921,49.5,SynNeg 03/24,,,,,,,"C06326, C10132, C10124, C02256, C11843","0.822275922671353, 0.552682777858994, 0.552682777858994, 0.552682777858994, 0.296364645930971"
333.0284,17.59,SynNeg 03/24,,,,,,,C04606,0.75
378.086,16.66,SynNeg 03/24,,,,,,,C20018,0.0
180.0671,42.64,SynNeg 03/24,,,,,C04368,34.0,"C19579, C03290, C20807, C06420, C01536, C00082","0.75, 0.105850509500575, 0.100331099353608, 0.100331099353608, 0.100331099353608, 0.100331099353608"
400.034,16.77,SynNeg 03/24,,,,,,,C04187,0.75
252.9971,36.33,SynNeg 03/24,,,,,,,C18458,0.75
788.9765,13.52,SynNeg 03/24,,,,,,,C06198,0.75
311.1118,14.07,SynNeg 03/24,,,,,,,"C05855, C06080, C12076","0.808243727598566, 0.74911770697313, 0.137960737254116"
406.1534,16.51,SynNeg 03/24,,,,,,,C00982,0.786391087047064
335.0349,54.53,SynNeg 03/24,,,,,,,"C07933, C08726, C19090","0.75, 0.576205155159893, 0.460554292117485"
358.1216,52.58,SynNeg 03/24,,,,,,,"C12717, C07864","0.911713286713287, 0.910402097902098"
188.0931,46.89,SynNeg 03/24,,,,,,,"C11843, C10132, C10124, C02256, C06326","0.75, 0.467721657313102, 0.467721657313102, 0.467721657313102, 0.322443544582307"
129.0193,45.84,SynNeg 03/24,,,"C02214, C02226","0.35, 0.4",,,"C02132, C00433, C02800, C02226, C02214, C01732, C00490","0.75, 0.75, 0.0, 0.0, 0.0, 0.0, 0.0"
431.1872,9.74,SynNeg 03/24,,,,,,,C02008,0.75
155.0457,16.61,SynNeg 03/24,,,,,,,"C03817, C03680, C05568, C19481","0.848200122025625, 0.827486272117145, 0.820012202562538, 0.75"
147.0297,21.13,SynNeg 03/24,,,C00815,0.52,,,"C03826, C00684, C03196, C02630, C01087, C06032, C06031, C06029, C05405, C02266, C02614, C02612, C00815, C02753, C02994, C01114, C00652","0.880028063610851, 0.880028063610851, 0.857635640785781, 0.857635640785781, 0.857635640785781, 0.831442937324602, 0.831442937324602, 0.831442937324602, 0.75, 0.75, 0.617252586601502, 0.617252586601502, 0.617252586601502, 0.513417226451829, 0.508272231129097, 0.508272231129097, 0.508272231129097"
197.0433,54.36,SynNeg 03/24,,,C05584,0.48,,,"C10833, C21086, C05584, C01207","0.75, 0.0, 0.0, 0.0"
427.1218,12.33,SynNeg 03/24,,,,,,,C09425,0.75
389.0967,12.92,SynNeg 03/24,,,,,,,C08543,0.0
144.0664,49.82,SynNeg 03/24,,,,,,,"C03239, C05825, C04076, C03656, C02946","0.75, 0.0, 0.0, 0.0, 0.0"
188.0932,53.42,SynNeg 03/24,,,,,,,"C10132, C10124, C02256, C06326","0.75, 0.75, 0.75, 0.736044562117552"
562.2082,26.09,SynNeg 03/24,,,,,,,C14125,0.75
475.2287,2.02,SynNeg 03/24,,,,,,,C11061,0.75
586.0626,54.63,SynNeg 03/24,,,,,,,"C14830, C05344, C01222","0.75, 0.75, 0.75"
459.255,14.02,SynNeg 03/24,,,,,,,C08719,0.75
193.0349,13.51,SynNeg 03/24,,,C00191,0.29,C00333,17.0,"C15673, C06473, C03342, C00618, C01062, C16245, C21059, C21047, C21037, C08350, C08348, C06477, C06472, C02024, C00905, C00558, C00333, C00191, C21034, C20248, C19137","0.894961069487292, 0.894961069487292, 0.894961069487292, 0.894961069487292, 0.880894667254297, 0.87722197737623, 0.850301160570001, 0.850301160570001, 0.850301160570001, 0.850301160570001, 0.850301160570001, 0.850301160570001, 0.850301160570001, 0.850301160570001, 0.850301160570001, 0.850301160570001, 0.850301160570001, 0.850301160570001, 0.832341707066255, 0.422669373362159, 0.169343248979302"
619.2354,45.54,SynNeg 03/24,,,,,,,C20138,0.75
302.1025,43.72,SynNeg 03/24,,,,,,,C18659,0.835598824393828
